H0_n_points,H0_lifetime_max,H0_lifetime_sum,H0_lifetime_mean,H0_lifetime_median,H0_lifetime_std,H0_lifetime_q25,H0_lifetime_q75,H0_n_long_lifetime,H0_persistence_entropy,H1_n_points,H1_lifetime_max,H1_lifetime_sum,H1_lifetime_mean,H1_lifetime_median,H1_lifetime_std,H1_lifetime_q25,H1_lifetime_q75,H1_n_long_lifetime,H1_persistence_entropy,H1_lifetime_top1,H1_lifetime_top2,H1_lifetime_top3,H1_lifetime_top4,H1_lifetime_top5,H1_max_to_sum_ratio,H1_top2_to_top1_ratio,H1_top1_minus_top2,tda_window_size,tda_point_cloud_n_points,tda_embedding_dim,tda_delay,tda_stride,date
149,8.483282089233398,840.8520560264587,5.64330238943932,5.894402027130127,1.5408376342922467,4.000626564025879,6.98740291595459,15,4.965618013111356,121,0.8720188140869141,31.912017822265625,0.2637356844815341,0.24061203002929688,0.19249010988260362,0.11320018768310547,0.37347888946533203,13,4.52021642331413,0.8720188140869141,0.8368864059448242,0.7430238723754883,0.7114219665527344,0.6917409896850586,0.027325718447001174,0.9597114103795148,0.035132408142089844,180,150,30,1,1,2007-06-13
149,8.152966499328613,808.7856810092926,5.428091818854313,5.6543684005737305,1.4857858823847716,3.8258612155914307,6.746674537658691,15,4.9657534910617835,115,0.8720188140869141,31.680222511291504,0.2754801957503609,0.24569082260131836,0.18577813463801068,0.13453054428100586,0.38899779319763184,12,4.503585769394398,0.8720188140869141,0.8394174575805664,0.7114219665527344,0.6496686935424805,0.6190123558044434,0.027525653071916022,0.9626139299064501,0.032601356506347656,180,150,30,1,1,2007-06-20
149,7.911849021911621,790.8286836147308,5.307575057816986,5.139360427856445,1.4663324949212833,3.8058581352233887,6.644308567047119,15,4.965510481721812,111,0.8720188140869141,30.352890968322754,0.27344946818308785,0.24445009231567383,0.1894559993936737,0.11803770065307617,0.3950529098510742,12,4.454369789617175,0.8720188140869141,0.821436882019043,0.7114219665527344,0.6496686935424805,0.6190123558044434,0.028729349536984163,0.9419944486853358,0.050581932067871094,180,150,30,1,1,2007-06-27
149,7.911849021911621,783.3980028629303,5.257704717200874,4.893157958984375,1.4830370589730273,3.8058581352233887,6.6509857177734375,15,4.964309963064643,121,0.821436882019043,27.810226440429688,0.22983658215231148,0.19187211990356445,0.16523139639034617,0.10851812362670898,0.3278379440307617,13,4.527805054313681,0.821436882019043,0.6496686935424805,0.6190123558044434,0.5551533699035645,0.5416030883789062,0.02953722378990997,0.7908930165707114,0.1717681884765625,180,150,30,1,1,2007-07-04
149,7.911849021911621,777.1383337974548,5.21569351541916,4.5162835121154785,1.5155333395756454,3.793484926223755,6.67159366607666,15,4.9620853315808215,130,0.821436882019043,31.005151748657227,0.2385011672973633,0.23183584213256836,0.1666771038453463,0.10081779956817627,0.3596968650817871,13,4.6048218252122215,0.821436882019043,0.6496686935424805,0.6190123558044434,0.5662732124328613,0.5551533699035645,0.0264935610919762,0.7908930165707114,0.1717681884765625,180,150,30,1,1,2007-07-11
149,7.911849021911621,770.7259497642517,5.172657380968133,4.190843105316162,1.6015538132296994,3.675657033920288,6.791871070861816,15,4.956233778166931,135,0.821436882019043,31.52831268310547,0.23354305691189237,0.1973271369934082,0.17432428416119,0.08301377296447754,0.33826541900634766,14,4.616492746025324,0.821436882019043,0.7688322067260742,0.6474404335021973,0.6238284111022949,0.6190123558044434,0.02605394364980439,0.9359601736366285,0.05260467529296875,180,150,30,1,1,2007-07-18
149,7.911849021911621,741.8755984306335,4.9790308619505605,4.069729804992676,1.700412277680075,3.600541591644287,6.718577861785889,15,4.945737727525357,134,0.821436882019043,30.610641717910767,0.22843762476052812,0.19330263137817383,0.15867551114139097,0.10545963048934937,0.33511030673980713,14,4.645740455433295,0.821436882019043,0.6190123558044434,0.5662732124328613,0.5551533699035645,0.5416030883789062,0.02683501017681728,0.753572635164552,0.2024245262145996,180,150,30,1,1,2007-07-25
149,7.911849021911621,708.5969932079315,4.7556845181740375,3.978133201599121,1.7280359581589537,3.5149734020233154,6.632965087890625,15,4.93889429015106,135,0.821436882019043,29.224624633789062,0.2164787009910301,0.1788644790649414,0.16057800830148114,0.07250547409057617,0.31586766242980957,14,4.6236429927884455,0.821436882019043,0.6190123558044434,0.5662732124328613,0.5551533699035645,0.5416030883789062,0.028107696585067864,0.753572635164552,0.2024245262145996,180,150,30,1,1,2007-08-01
149,7.911849021911621,678.3979830741882,4.553006597813344,3.8098795413970947,1.6960399980546312,3.4626972675323486,6.538768291473389,15,4.936965278125351,136,0.821436882019043,29.267409801483154,0.21520154265796437,0.17571496963500977,0.16067327714928684,0.07053875923156738,0.3156818151473999,14,4.627887774149365,0.821436882019043,0.6190123558044434,0.5662732124328613,0.5551533699035645,0.5416030883789062,0.028066606768099304,0.753572635164552,0.2024245262145996,180,150,30,1,1,2007-08-08
149,7.911849021911621,645.3956303596497,4.33151429771577,3.733839273452759,1.5845508598991171,3.372205972671509,5.605598449707031,15,4.940451926362138,147,0.821436882019043,30.461924076080322,0.20722397330666886,0.16791725158691406,0.15805146291572278,0.06947755813598633,0.30801844596862793,15,4.6976946996360445,0.821436882019043,0.6190123558044434,0.5662732124328613,0.5551533699035645,0.5416030883789062,0.02696602092393965,0.753572635164552,0.2024245262145996,180,150,30,1,1,2007-08-15
149,7.366025924682617,615.0856578350067,4.128091663322193,3.675657033920288,1.4580774011136792,3.2392687797546387,4.234415054321289,15,4.945676114102403,152,0.821436882019043,29.58674931526184,0.19464966654777527,0.15961182117462158,0.15701603128062644,0.06500524282455444,0.29720747470855713,16,4.702877642881073,0.821436882019043,0.6190123558044434,0.5662732124328613,0.5551533699035645,0.5416030883789062,0.027763674652670215,0.753572635164552,0.2024245262145996,180,150,30,1,1,2007-08-22
149,7.366025924682617,588.0435280799866,3.9466008595972255,3.6047279834747314,1.3511495091002288,3.013206958770752,4.060365200042725,15,4.950315518638286,147,0.821436882019043,28.4736430644989,0.1936982521394483,0.16202616691589355,0.1564300816966943,0.06678617000579834,0.28846120834350586,15,4.673818630416638,0.821436882019043,0.6190123558044434,0.5662732124328613,0.5551533699035645,0.5416030883789062,0.028849026454335767,0.753572635164552,0.2024245262145996,180,150,30,1,1,2007-08-29
149,7.366025924682617,558.9044673442841,3.751036693585799,3.5247325897216797,1.1940418762093739,2.9789810180664062,3.877152681350708,15,4.958215466603628,149,0.821436882019043,28.55031681060791,0.19161286450072423,0.14896202087402344,0.1547995783726797,0.07345151901245117,0.26960277557373047,15,4.696872460500446,0.821436882019043,0.6190123558044434,0.5662732124328613,0.5551533699035645,0.5416030883789062,0.02877155050391024,0.753572635164552,0.2024245262145996,180,150,30,1,1,2007-09-05
149,6.740644454956055,531.9172368049622,3.5699143409729004,3.476987600326538,0.9878780744158984,2.9789810180664062,3.785057544708252,15,4.969439943968917,147,0.5662732124328613,23.328660249710083,0.15869836904564683,0.11425590515136719,0.1299738846491052,0.05936121940612793,0.21067309379577637,15,4.669084967640429,0.5662732124328613,0.5416030883789062,0.5209426879882812,0.4845261573791504,0.459871768951416,0.024273713379657055,0.9564342379044108,0.024670124053955078,180,150,30,1,1,2007-09-12
149,6.461073875427246,502.96631145477295,3.375612828555523,3.343596935272217,0.7098005570833062,2.942087411880493,3.673809289932251,15,4.983231860589468,140,0.5662732124328613,18.020498991012573,0.1287178499358041,0.1043163537979126,0.11065331343604741,0.0472148060798645,0.17581123113632202,14,4.605698651518389,0.5662732124328613,0.5346674919128418,0.5209426879882812,0.42526936531066895,0.4225456714630127,0.031423836416254666,0.9441864460015107,0.03160572052001953,180,150,30,1,1,2007-09-19
149,4.346620559692383,474.0120437145233,3.1812888839900895,3.09945011138916,0.48946097553671514,2.8773820400238037,3.5274710655212402,15,4.99202578287223,112,0.42526936531066895,11.074505805969238,0.09887951612472534,0.0746232271194458,0.0794043009657798,0.037524521350860596,0.13870877027511597,12,4.422767829794355,0.42526936531066895,0.3331890106201172,0.2953152656555176,0.2701840400695801,0.26877498626708984,0.03840075329424142,0.7834775739764727,0.09208035469055176,180,150,30,1,1,2007-09-26
149,4.346620559692383,465.73769211769104,3.125756322937524,3.013206958770752,0.49264424962935016,2.844773769378662,3.463787317276001,15,4.991550742927519,107,0.42526936531066895,11.01615023612976,0.10295467510401646,0.07312178611755371,0.0882193481809904,0.036318421363830566,0.1559603214263916,11,4.340193312051787,0.42526936531066895,0.3873748779296875,0.3830904960632324,0.3331890106201172,0.29135608673095703,0.03860417261884369,0.910892976376752,0.037894487380981445,180,150,30,1,1,2007-10-03
149,4.346620559692383,461.85822105407715,3.0997196043897794,3.0012283325195312,0.481320056758444,2.8402554988861084,3.3606603145599365,15,4.991980944873783,107,0.42526936531066895,12.145915508270264,0.1135132290492548,0.08613371849060059,0.09338843190104577,0.043239474296569824,0.16437053680419922,11,4.360970998396868,0.42526936531066895,0.3873748779296875,0.3830904960632324,0.3573331832885742,0.3331890106201172,0.035013364371018325,0.910892976376752,0.037894487380981445,180,150,30,1,1,2007-10-10
149,4.346620559692383,462.6593861579895,3.105096551395903,2.9980719089508057,0.486708470563144,2.8402554988861084,3.4179587364196777,15,4.9917466198581675,126,0.42526936531066895,14.39789628982544,0.11426901817321777,0.09196388721466064,0.09038519567188051,0.04397392272949219,0.16554272174835205,13,4.542719084348596,0.42526936531066895,0.3873748779296875,0.3830904960632324,0.3573331832885742,0.3331890106201172,0.02953690988948115,0.910892976376752,0.037894487380981445,180,150,30,1,1,2007-10-17
149,4.346620559692383,467.44034481048584,3.137183522218026,3.0402824878692627,0.5021726292032741,2.8402554988861084,3.564307928085327,15,4.991141020155197,146,0.42526936531066895,17.66556215286255,0.12099700104700375,0.10433721542358398,0.08946108920768467,0.047785937786102295,0.17675447463989258,15,4.717788992643593,0.42526936531066895,0.3873748779296875,0.3830904960632324,0.3573331832885742,0.3331890106201172,0.024073355924411257,0.910892976376752,0.037894487380981445,180,150,30,1,1,2007-10-24
149,4.346620559692383,472.6389329433441,3.172073375458685,3.0402824878692627,0.5306285219694574,2.8402554988861084,3.617406129837036,15,4.989929987437403,146,0.42526936531066895,17.663771390914917,0.12098473555421176,0.10538327693939209,0.08809316205182473,0.04843062162399292,0.1745537519454956,15,4.7224628321289615,0.42526936531066895,0.3873748779296875,0.3830904960632324,0.3331890106201172,0.3329951763153076,0.024075796493233576,0.910892976376752,0.037894487380981445,180,150,30,1,1,2007-10-31
149,4.435249328613281,477.25324726104736,3.2030419279264923,3.0402824878692627,0.5689834491640101,2.8402554988861084,3.6346566677093506,15,4.988211182938667,152,0.6019206047058105,19.481820344924927,0.12816987069029556,0.10745692253112793,0.10151802440613909,0.049168169498443604,0.1774941086769104,16,4.741667461762241,0.6019206047058105,0.5482983589172363,0.42526936531066895,0.3873748779296875,0.3830904960632324,0.030896527842307748,0.9109147529269542,0.05362224578857422,180,150,30,1,1,2007-11-07
149,4.740856170654297,484.8272716999054,3.2538743067107743,3.0402824878692627,0.6422703589106874,2.8402554988861084,3.665465831756592,15,4.984750550578065,153,0.5057945251464844,19.734047412872314,0.1289807020449171,0.10621881484985352,0.10316924043833323,0.05118370056152344,0.17746376991271973,16,4.739631562088363,0.5057945251464844,0.47075605392456055,0.4672107696533203,0.42526936531066895,0.3873748779296875,0.02563055183583677,0.9307258788303882,0.03503847122192383,180,150,30,1,1,2007-11-14
149,5.016105651855469,490.1931619644165,3.2898869930497754,3.0402824878692627,0.7007972427401628,2.8402554988861084,3.665465831756592,15,4.981827716928617,160,0.5263266563415527,21.228978157043457,0.13268111348152162,0.10653841495513916,0.10635988446749953,0.05096232891082764,0.18283218145370483,16,4.779588408853774,0.5263266563415527,0.4895782470703125,0.42526936531066895,0.41574811935424805,0.40993356704711914,0.024792839883672188,0.9301794639726686,0.036748409271240234,180,150,30,1,1,2007-11-21
149,5.003268718719482,493.8224000930786,3.314244295926702,3.0402824878692627,0.7407631577626685,2.8402554988861084,3.665465831756592,15,4.9797471777536115,164,0.5263266563415527,21.708374500274658,0.1323681371967967,0.10653841495513916,0.10697658398925634,0.05010789632797241,0.18283218145370483,17,4.799722971375948,0.5263266563415527,0.4895782470703125,0.4414834976196289,0.42526936531066895,0.41574811935424805,0.02424532782659031,0.9301794639726686,0.036748409271240234,180,150,30,1,1,2007-11-28
149,5.034585952758789,500.0634868144989,3.3561307839899257,3.0402824878692627,0.7909460313536076,2.8402554988861084,4.1291022300720215,15,4.977055879978476,171,0.63525390625,24.993643283843994,0.14616165663066663,0.10976099967956543,0.1268313794672714,0.05228757858276367,0.19513189792633057,18,4.8080635700940615,0.63525390625,0.6327242851257324,0.5263266563415527,0.5001964569091797,0.4895782470703125,0.025416618899279524,0.9960179369235204,0.002529621124267578,180,150,30,1,1,2007-12-05
149,5.034585952758789,509.77462935447693,3.4213062372783685,3.0402824878692627,0.8367568516606914,2.8402554988861084,4.290747165679932,15,4.9747097191298995,172,0.6675419807434082,29.55366063117981,0.17182360832081284,0.12734925746917725,0.1471053808550932,0.054253578186035156,0.2292250394821167,18,4.80789604188669,0.6675419807434082,0.63525390625,0.6327242851257324,0.5694179534912109,0.5404596328735352,0.022587455038958378,0.9516313948413393,0.0322880744934082,180,150,30,1,1,2007-12-12
149,5.034585952758789,525.4744877815247,3.526674414641105,3.2381954193115234,0.8261968401793145,2.8759570121765137,4.371657371520996,15,4.976876055114841,180,0.6998419761657715,33.265198707580566,0.1848066594865587,0.1542677879333496,0.15491004619209447,0.05554759502410889,0.2688044309616089,18,4.85726418327555,0.6998419761657715,0.6675419807434082,0.63525390625,0.6327242851257324,0.5621967315673828,0.021038262308840185,0.9538467303728686,0.03229999542236328,180,150,30,1,1,2007-12-19
149,5.034585952758789,541.5332009792328,3.6344510132834413,3.4263083934783936,0.7545419234480298,2.9789810180664062,4.371657371520996,15,4.982598153736283,188,0.7532167434692383,31.873067378997803,0.16953759244147767,0.12297797203063965,0.1512452955120305,0.0559079647064209,0.22857624292373657,19,4.873848046267926,0.7532167434692383,0.6327242851257324,0.6187901496887207,0.6075921058654785,0.5621967315673828,0.023631762030081774,0.8400295009527668,0.12049245834350586,180,150,30,1,1,2007-12-26
149,5.034585952758789,551.0230844020844,3.6981415060542573,3.601915121078491,0.750299453829996,2.9946177005767822,4.4838457107543945,15,4.983292465450049,190,0.7532167434692383,32.93336582183838,0.17333350432546515,0.11986088752746582,0.1624862578765025,0.05172574520111084,0.2223377823829651,19,4.852953047822583,0.7532167434692383,0.7037067413330078,0.6327242851257324,0.6262078285217285,0.6187901496887207,0.02287093118705086,0.9342685852837093,0.04951000213623047,180,150,30,1,1,2008-01-02
149,5.034585952758789,562.2130827903748,3.773242166378354,3.6395246982574463,0.7388828797084799,3.090120792388916,4.522197723388672,15,4.984463355029398,195,0.7681045532226562,37.50671339035034,0.19234211995051456,0.1206662654876709,0.18737965753894475,0.04808545112609863,0.2746739387512207,20,4.835846130883357,0.7681045532226562,0.7532167434692383,0.7340044975280762,0.676699161529541,0.6327242851257324,0.020479121836899546,0.9806174697299284,0.014887809753417969,180,150,30,1,1,2008-01-09
149,5.034585952758789,572.2848086357117,3.8408376418504138,4.013964653015137,0.7367197726562248,3.090120792388916,4.540478229522705,15,4.985019667525827,192,0.7808279991149902,43.48441433906555,0.22648132468263307,0.1594855785369873,0.21280135670890687,0.05543100833892822,0.36715567111968994,20,4.830520999399256,0.7808279991149902,0.7693891525268555,0.7579765319824219,0.7532167434692383,0.7531976699829102,0.01795650259944997,0.9853503632027798,0.011438846588134766,180,150,30,1,1,2008-01-16
149,5.034585952758789,579.2829539775848,3.8878050602522474,4.1332879066467285,0.7368384570331343,3.090120792388916,4.539458274841309,15,4.985276894658584,201,0.936302661895752,52.91905212402344,0.2632788662886738,0.17276239395141602,0.2383746908537731,0.06503009796142578,0.4614295959472656,21,4.89342732588695,0.936302661895752,0.8068170547485352,0.7998223304748535,0.7808279991149902,0.7693891525268555,0.017693110974501047,0.8617053946156208,0.1294856071472168,180,150,30,1,1,2008-01-23
149,5.034585952758789,582.2809607982635,3.907925911397742,4.189276695251465,0.7093958824263357,3.3494601249694824,4.484652996063232,15,4.986715307019486,204,0.8243446350097656,57.59412240982056,0.2823241294599047,0.19144010543823242,0.2435385750323926,0.06942123174667358,0.4802582263946533,21,4.930543793333433,0.8243446350097656,0.8107280731201172,0.8068170547485352,0.7993912696838379,0.7626323699951172,0.014312999322118398,0.9834819548628625,0.013616561889648438,180,150,30,1,1,2008-01-30
149,5.034585952758789,579.3450219631195,3.888221623913554,4.073703289031982,0.6701994874836658,3.5210816860198975,4.388512134552002,15,4.988478914414481,194,0.8243446350097656,53.47884154319763,0.27566413166596715,0.22539997100830078,0.21537890937536006,0.07940590381622314,0.4299856424331665,20,4.940582295997068,0.8243446350097656,0.8107280731201172,0.7993912696838379,0.7349882125854492,0.7263317108154297,0.01541440710423579,0.9834819548628625,0.013616561889648438,180,150,30,1,1,2008-02-06
149,5.034585952758789,580.8832809925079,3.898545510016832,3.95314884185791,0.6244509430913516,3.5554556846618652,4.371657371520996,15,4.9906065524151515,194,0.7263317108154297,51.161442279815674,0.26371877463822513,0.22219467163085938,0.19284825498290542,0.08929508924484253,0.41513001918792725,20,4.978833428822954,0.7263317108154297,0.7133173942565918,0.6629643440246582,0.6366767883300781,0.6327242851257324,0.014196857603093487,0.9820821308431831,0.01301431655883789,180,150,30,1,1,2008-02-13
149,5.003268718719482,583.9439611434937,3.9190869875402257,3.9054131507873535,0.5294258306556952,3.566174268722534,4.315174102783203,15,4.994638741408163,186,0.7373347282409668,46.24646711349487,0.2486369199650262,0.21539080142974854,0.18313358188193993,0.08929508924484253,0.380765438079834,19,4.936444424450027,0.7373347282409668,0.7319345474243164,0.6905956268310547,0.6327242851257324,0.6322340965270996,0.01594359038132472,0.9926760796557984,0.005400180816650391,180,150,30,1,1,2008-02-20
149,5.003268718719482,586.6184918880463,3.9370368583090354,3.8812777996063232,0.45905634849319643,3.5946710109710693,4.276727199554443,15,4.997142035966764,189,0.9198479652404785,46.18624424934387,0.24437166269494112,0.1802971363067627,0.19752980717174098,0.07868194580078125,0.3851933479309082,19,4.915361341003377,0.9198479652404785,0.8573393821716309,0.756497859954834,0.7211861610412598,0.7034626007080078,0.01991605899528291,0.9320446579968181,0.06250858306884766,180,150,30,1,1,2008-02-27
149,5.003268718719482,591.0419659614563,3.966724603768163,3.8812777996063232,0.4055900261956119,3.617406129837036,4.226566314697266,15,4.998797331389168,190,0.9198479652404785,47.77495312690735,0.251447121720565,0.17474126815795898,0.2104887301470268,0.06842482089996338,0.40028154850006104,19,4.8936548809462925,0.9198479652404785,0.8573393821716309,0.812744140625,0.756497859954834,0.7211861610412598,0.019253770125049283,0.9320446579968181,0.06250858306884766,180,150,30,1,1,2008-03-05
149,5.095252513885498,587.0279774665833,3.939785083668344,3.8727235794067383,0.39044495082981395,3.622485876083374,4.189276695251465,15,4.999150426799665,171,0.9198479652404785,46.11319184303284,0.2696677885557476,0.23408937454223633,0.21379174743096582,0.07658576965332031,0.4161717891693115,18,4.810652104184852,0.9198479652404785,0.8573393821716309,0.7898516654968262,0.756497859954834,0.7211861610412598,0.019947609967481718,0.9320446579968181,0.06250858306884766,180,150,30,1,1,2008-03-12
149,5.145368576049805,586.0709824562073,3.9333622983638072,3.8765268325805664,0.37667843569460485,3.636190176010132,4.135095119476318,15,4.9994855797596625,150,0.9198479652404785,40.93863582611084,0.2729242388407389,0.23897457122802734,0.22003550558683163,0.07723355293273926,0.4303807020187378,15,4.669216795584084,0.9198479652404785,0.8573393821716309,0.8452095985412598,0.756497859954834,0.7211861610412598,0.022468945207348493,0.9320446579968181,0.06250858306884766,180,150,30,1,1,2008-03-19
149,4.904338836669922,583.9971239566803,3.9194437849441632,3.882755756378174,0.3194931219076285,3.6466948986053467,4.132787227630615,15,5.000657821813791,134,1.199202060699463,33.18171834945679,0.2476247638019163,0.17968177795410156,0.22026615222197035,0.06573307514190674,0.40028154850006104,14,4.511592173759455,1.199202060699463,0.9303045272827148,0.7561454772949219,0.6905956268310547,0.6736774444580078,0.03614044480969729,0.7757696202924241,0.26889753341674805,180,150,30,1,1,2008-03-26
149,4.8491339683532715,584.538449048996,3.9230768392550064,3.8932883739471436,0.32412580392048046,3.6466948986053467,4.111535549163818,15,5.000569468749962,143,1.5531387329101562,34.74663066864014,0.24298343124923172,0.18093395233154297,0.22115187235480227,0.07312989234924316,0.3721036911010742,15,4.593397543457163,1.5531387329101562,1.0199613571166992,0.6905956268310547,0.6322340965270996,0.6216726303100586,0.04469897377163277,0.6567097552229422,0.533177375793457,180,150,30,1,1,2008-04-02
149,4.737188339233398,584.2334384918213,3.9210297885357135,3.9054131507873535,0.2973198045088542,3.6545639038085938,4.091330051422119,15,5.00109907635375,153,1.1389389038085938,37.48399591445923,0.24499343734940673,0.1945958137512207,0.20021343454582632,0.07328414916992188,0.38749027252197266,16,4.688435877459793,1.1389389038085938,0.782470703125,0.7034626007080078,0.6322340965270996,0.618323802947998,0.03038467153842728,0.6870172759121936,0.35646820068359375,180,150,30,1,1,2008-04-09
149,4.737188339233398,577.7345719337463,3.8774132344546732,3.8765268325805664,0.30375972516729344,3.5961344242095947,4.073441028594971,15,5.000910437540429,166,1.0098071098327637,40.09169411659241,0.24151622961802655,0.1859898567199707,0.19297407016572032,0.08215171098709106,0.386771559715271,17,4.789724922984731,1.0098071098327637,0.782470703125,0.7034626007080078,0.6413235664367676,0.6322340965270996,0.02518743924604681,0.7748714536725599,0.22733640670776367,180,150,30,1,1,2008-04-16
149,4.737188339233398,573.7045390605927,3.850366033963709,3.846790075302124,0.30654677809489944,3.5850980281829834,4.056191921234131,15,5.000812900068487,174,0.9652795791625977,41.98722791671753,0.24130590756734213,0.19615304470062256,0.18774538815088485,0.09180021286010742,0.3644747734069824,18,4.8552821926609635,0.9652795791625977,0.782470703125,0.7034626007080078,0.6367840766906738,0.6322340965270996,0.022989838268848047,0.8106156185380109,0.18280887603759766,180,150,30,1,1,2008-04-23
149,4.466876983642578,568.4224288463593,3.8149156298413374,3.7974565029144287,0.2708310152616311,3.5849897861480713,4.012500286102295,15,5.001441975290627,164,1.714026927947998,42.89634943008423,0.2615631062810014,0.21765851974487305,0.22826997184608425,0.1007375717163086,0.37764060497283936,17,4.771575467415314,1.714026927947998,1.156991958618164,1.0455255508422852,0.782470703125,0.7034626007080078,0.03995740781489229,0.6750138750756348,0.557034969329834,180,150,30,1,1,2008-04-30
149,4.466876983642578,573.4017298221588,3.8483337571956966,3.865912437438965,0.2845194793788435,3.5911202430725098,4.056191921234131,15,5.001226696592412,161,1.714026927947998,43.43724727630615,0.26979656693357856,0.20008230209350586,0.24310917005462215,0.09530496597290039,0.4004073143005371,17,4.728938095917335,1.714026927947998,1.156991958618164,1.0554237365722656,1.0455255508422852,0.782470703125,0.039459842311024014,0.6750138750756348,0.557034969329834,180,150,30,1,1,2008-05-07
149,4.4864325523376465,578.5231199264526,3.8827055028620983,3.882755756378174,0.3048408339467995,3.5911202430725098,4.112941741943359,15,5.000872821898873,164,1.714026927947998,47.692431926727295,0.2908075117483372,0.24855780601501465,0.2466984574755164,0.0982367992401123,0.4438967704772949,17,4.769119493196452,1.714026927947998,1.156991958618164,1.0554237365722656,1.0455255508422852,0.782470703125,0.03593918067716402,0.6750138750756348,0.557034969329834,180,150,30,1,1,2008-05-14
149,4.4864325523376465,583.703266620636,3.9174715880579596,3.916964292526245,0.30398743447608545,3.6256353855133057,4.164333820343018,15,5.000931627879352,174,1.558403491973877,50.17580318450928,0.28836668496844414,0.2411046028137207,0.233531376545968,0.10627543926239014,0.42656636238098145,18,4.856459373240539,1.558403491973877,1.156991958618164,1.0554237365722656,1.0455255508422852,0.782470703125,0.031058864892371096,0.7424213078172173,0.4014115333557129,180,150,30,1,1,2008-05-21
149,4.4864325523376465,585.1896240711212,3.9274471414169208,3.95314884185791,0.2948890844509029,3.6478867530822754,4.142556667327881,15,5.001115628506479,184,1.156991958618164,51.394054889678955,0.2793155157047769,0.2101457118988037,0.2274911602426745,0.10023689270019531,0.4114137887954712,19,4.900889231307769,1.156991958618164,1.129967212677002,1.0554237365722656,1.0029420852661133,1.0006461143493652,0.022512175019109324,0.9766422352896569,0.02702474594116211,180,150,30,1,1,2008-05-28
149,4.4864325523376465,576.119610786438,3.8665745690364965,3.886087417602539,0.27652708169218493,3.6182148456573486,4.069944858551025,15,5.001389616844824,165,1.0767426490783691,47.74096131324768,0.2893391594742284,0.23853063583374023,0.23025063610130994,0.10156011581420898,0.43846797943115234,17,4.792364425221727,1.0767426490783691,1.0002765655517578,0.9998092651367188,0.866490364074707,0.8126239776611328,0.022553853534984913,0.9289838815318944,0.07646608352661133,180,150,30,1,1,2008-06-04
149,4.432908535003662,561.8897635936737,3.771072238883716,3.7434189319610596,0.3149655532812607,3.565019369125366,4.019794940948486,15,5.000383613473405,148,1.0767426490783691,40.800166845321655,0.2756768030089301,0.20819330215454102,0.22446328913512645,0.09230530261993408,0.40517139434814453,15,4.673786625518687,1.0767426490783691,0.9998092651367188,0.848029613494873,0.786529541015625,0.7283849716186523,0.026390643282426518,0.9285498870064254,0.07693338394165039,180,150,30,1,1,2008-06-11
149,4.432908535003662,548.4134266376495,3.6806270244137553,3.661257743835449,0.35278822354158884,3.5060596466064453,3.952796697616577,15,4.9992121560885625,146,1.0767426490783691,37.918405055999756,0.259715103123286,0.20499849319458008,0.21851923833091713,0.09389996528625488,0.36654067039489746,15,4.648709947604495,1.0767426490783691,0.9998092651367188,0.848029613494873,0.786529541015625,0.7283849716186523,0.02839630642396965,0.9285498870064254,0.07693338394165039,180,150,30,1,1,2008-06-18
149,4.283905029296875,538.7164947986603,3.6155469449574515,3.6192290782928467,0.3706843887195319,3.461155891418457,3.8932883739471436,15,4.998521989606397,141,1.0767426490783691,36.05398488044739,0.2557020204287049,0.19402694702148438,0.21839492991930548,0.09530496597290039,0.3655257225036621,15,4.6134192669092124,1.0767426490783691,0.9998092651367188,0.848029613494873,0.786529541015625,0.7283849716186523,0.02986473347256277,0.9285498870064254,0.07693338394165039,180,150,30,1,1,2008-06-25
149,4.283905029296875,535.1090476512909,3.59133589027712,3.6137945652008057,0.3940975777638974,3.442772626876831,3.9147872924804688,15,4.997744381545955,148,1.0767426490783691,36.037089586257935,0.24349384855579687,0.16412460803985596,0.21882642866086516,0.0800790786743164,0.35290956497192383,15,4.63064926971931,1.0767426490783691,0.9998092651367188,0.848029613494873,0.786529541015625,0.7283849716186523,0.029878734976671498,0.9285498870064254,0.07693338394165039,180,150,30,1,1,2008-07-02
149,4.283905029296875,532.8516564369202,3.576185613670605,3.589383363723755,0.39144403629245383,3.4177751541137695,3.9147872924804688,15,4.997796422209989,150,1.0767426490783691,34.854302406311035,0.23236201604207357,0.16412460803985596,0.20929566791587667,0.07283306121826172,0.3417767286300659,15,4.638623068223376,1.0767426490783691,0.8969964981079102,0.7383766174316406,0.7283849716186523,0.7094454765319824,0.03089267535830539,0.8330648914814404,0.17974615097045898,180,150,30,1,1,2008-07-09
149,4.283905029296875,532.240207195282,3.572081927485114,3.595013380050659,0.3894126880310439,3.4048144817352295,3.891341209411621,15,4.997847148497531,148,1.0767426490783691,34.43580222129822,0.23267433933309606,0.16412460803985596,0.21011852577655624,0.07043462991714478,0.3397289514541626,15,4.623986720623485,1.0767426490783691,0.8969964981079102,0.7383766174316406,0.7283849716186523,0.7094454765319824,0.031268115729054045,0.8330648914814404,0.17974615097045898,180,150,30,1,1,2008-07-16
149,4.283905029296875,527.955712556839,3.543326929911671,3.5692241191864014,0.4023039101830697,3.318303346633911,3.891341209411621,15,4.9973710695712565,163,1.0767426490783691,37.41608667373657,0.22954654401065383,0.16847991943359375,0.20500014467369426,0.0731579065322876,0.33874595165252686,17,4.723850691829357,1.0767426490783691,0.8969964981079102,0.7383766174316406,0.7283849716186523,0.7094454765319824,0.028777532467984306,0.8330648914814404,0.17974615097045898,180,150,30,1,1,2008-07-23
149,4.206279277801514,519.0632457733154,3.483645944787352,3.530306577682495,0.41486766326464775,3.2336387634277344,3.8045103549957275,15,4.996717226238165,167,1.0767426490783691,36.5077702999115,0.21860940299348203,0.15438318252563477,0.19916728037462367,0.07000243663787842,0.3263275623321533,17,4.742121461784363,1.0767426490783691,0.8969964981079102,0.7677373886108398,0.7283849716186523,0.7094454765319824,0.029493519878999,0.8330648914814404,0.17974615097045898,180,150,30,1,1,2008-07-30
149,4.206279277801514,510.7509181499481,3.4278585110734774,3.4802234172821045,0.4437114435316661,3.0332751274108887,3.7622897624969482,15,4.995414727112332,151,0.7283849716186523,27.562143802642822,0.18253075365988625,0.12736296653747559,0.16365141975933775,0.06077837944030762,0.27667319774627686,16,4.646733733574443,0.7283849716186523,0.6781244277954102,0.6689310073852539,0.6647043228149414,0.6002907752990723,0.026427007160045746,0.9309972805842619,0.05026054382324219,180,150,30,1,1,2008-08-06
149,4.206279277801514,500.6098008155823,3.3597973209099483,3.4456193447113037,0.4711624057365671,2.9128057956695557,3.661257743835449,15,4.993928570204035,145,0.6781244277954102,24.433647394180298,0.1685079130633124,0.11544299125671387,0.15434373122335002,0.05290865898132324,0.23268866539001465,15,4.590800946654465,0.6781244277954102,0.6689310073852539,0.6002907752990723,0.5692853927612305,0.5463271141052246,0.027753712610133208,0.9864428709049102,0.00919342041015625,180,150,30,1,1,2008-08-13
149,4.206279277801514,489.4374418258667,3.284815045811186,3.4048144817352295,0.49013305929529727,2.85334849357605,3.6240925788879395,15,4.992610451625595,143,0.6689310073852539,22.867931604385376,0.15991560562507257,0.09799933433532715,0.14955543374688257,0.0517430305480957,0.22558045387268066,15,4.567609058404729,0.6689310073852539,0.6002907752990723,0.5692853927612305,0.5463271141052246,0.528656005859375,0.029251924439767575,0.8973881740742061,0.06864023208618164,180,150,30,1,1,2008-08-20
149,4.206279277801514,477.5559892654419,3.2050737534593416,3.3361048698425293,0.531670782211329,2.7833025455474854,3.5849897861480713,15,4.98986675200899,139,0.6002907752990723,19.03373122215271,0.13693331814498352,0.09493207931518555,0.12336312033435003,0.047264933586120605,0.191259503364563,14,4.570827322091262,0.6002907752990723,0.5074281692504883,0.4798288345336914,0.4445633888244629,0.4390678405761719,0.03153826059077761,0.8453039595647315,0.09286260604858398,180,150,30,1,1,2008-08-27
149,4.249056339263916,469.76282489299774,3.152770636865757,3.27687931060791,0.5968034378753129,2.7162938117980957,3.587803363800049,15,4.985555949134595,130,0.5261468887329102,16.388246059417725,0.12606343122629018,0.07825720310211182,0.11569658651859975,0.043232500553131104,0.18444156646728516,13,4.490609784285301,0.5261468887329102,0.5168242454528809,0.4978818893432617,0.4201054573059082,0.4040403366088867,0.03210513723221484,0.9822812916323035,0.009322643280029297,180,150,30,1,1,2008-09-03
149,4.290354251861572,465.43592035770416,3.1237310091121087,3.054251194000244,0.6300516224822169,2.6212878227233887,3.5444416999816895,15,4.983358140513122,119,0.4040403366088867,12.819087028503418,0.10772342040759175,0.07518219947814941,0.09208925260986606,0.03936898708343506,0.15392565727233887,12,4.437024219557432,0.4040403366088867,0.3554418087005615,0.35498523712158203,0.3287975788116455,0.32385754585266113,0.0315186515007268,0.8797186233527747,0.048598527908325195,180,150,30,1,1,2008-09-10
149,4.290354251861572,459.9820238351822,3.087127676746189,3.0017623901367188,0.6137958794826632,2.6212878227233887,3.488231897354126,15,4.98408061761871,113,0.7795014381408691,13.053205490112305,0.11551509283285226,0.07595372200012207,0.11189396673989117,0.040604352951049805,0.16193532943725586,12,4.347483144457574,0.7795014381408691,0.4040403366088867,0.3554418087005615,0.35498523712158203,0.3287975788116455,0.05971724253719403,0.5183317398009338,0.3754611015319824,180,150,30,1,1,2008-09-17
149,4.290354251861572,453.1386698484421,3.0411991264996114,3.0017623901367188,0.5672684506491174,2.6212878227233887,3.442772626876831,15,4.986424831061356,114,2.4067001342773438,14.745922565460205,0.1293501979426334,0.07556796073913574,0.2332854455896952,0.041220128536224365,0.16034477949142456,12,4.120864012644218,2.4067001342773438,0.4040403366088867,0.3554418087005615,0.35498523712158203,0.3287975788116455,0.16321122829673784,0.16788146178011798,2.002659797668457,180,150,30,1,1,2008-09-24
149,4.159387588500977,444.02728402614594,2.980048886081516,2.9744038581848145,0.5023790575200546,2.6212878227233887,3.3361048698425293,15,4.989515966522897,114,3.0318105220794678,14.453466176986694,0.12678479102619908,0.07230889797210693,0.2870935777599442,0.03850996494293213,0.13896584510803223,12,3.9769562002767445,3.0318105220794678,0.37429022789001465,0.3559398651123047,0.3554418087005615,0.354475736618042,0.20976356016986575,0.123454360080951,2.657520294189453,180,150,30,1,1,2008-10-01
149,4.024791717529297,432.22103011608124,2.900812282658263,2.9129152297973633,0.4307907946310909,2.596161127090454,3.196253776550293,15,4.992632331746665,99,3.0318105220794678,13.959304571151733,0.14100307647628013,0.0764162540435791,0.30749442765589,0.041053175926208496,0.15010738372802734,10,3.846073527516568,3.0318105220794678,0.4285094738006592,0.36930227279663086,0.3554418087005615,0.34503793716430664,0.2171892236197067,0.1413378147084046,2.6033010482788086,180,150,30,1,1,2008-10-08
149,3.7049224376678467,424.5550254583359,2.8493625869686974,2.8613357543945312,0.39821654099215037,2.5536067485809326,3.14833402633667,15,4.993922145880044,103,3.0318105220794678,13.428118228912354,0.13037007989235294,0.07578706741333008,0.29860762592047657,0.04591774940490723,0.1338193416595459,11,3.8956896706743764,3.0318105220794678,0.4285094738006592,0.3554418087005615,0.34503793716430664,0.29886555671691895,0.22578074383882138,0.1413378147084046,2.6033010482788086,180,150,30,1,1,2008-10-15
149,3.7049224376678467,418.98186933994293,2.8119588546304897,2.8073112964630127,0.386737416468362,2.5497775077819824,3.054251194000244,15,4.99430731534294,110,3.0318105220794678,14.295860528945923,0.12996236844496292,0.07590794563293457,0.2902770562784681,0.044461846351623535,0.1383422613143921,11,3.983552725695962,3.0318105220794678,0.4285094738006592,0.3966066837310791,0.3554418087005615,0.34503793716430664,0.21207611223827547,0.1413378147084046,2.6033010482788086,180,150,30,1,1,2008-10-22
149,3.7049224376678467,418.4849616289139,2.8086239035497576,2.7908997535705566,0.39395666820087644,2.5497775077819824,3.045809030532837,15,4.993969829630573,111,3.0318105220794678,14.89932370185852,0.13422814145818487,0.07699990272521973,0.2894239595418893,0.0478290319442749,0.14848268032073975,12,4.019882508173937,3.0318105220794678,0.4285094738006592,0.3966066837310791,0.3554418087005615,0.345165491104126,0.20348645232140866,0.1413378147084046,2.6033010482788086,180,150,30,1,1,2008-10-29
149,4.630374431610107,426.0692409276962,2.8595251068972902,2.8279733657836914,0.4537280425820629,2.5497775077819824,3.14833402633667,15,4.9914006028457205,110,3.0318105220794678,16.79208469390869,0.15265531539916993,0.09963035583496094,0.2979570854778117,0.04387885332107544,0.16297757625579834,11,4.02963715619574,3.0318105220794678,0.5258536338806152,0.4759798049926758,0.44271421432495117,0.4335899353027344,0.18054997800119799,0.1734454148935208,2.5059568881988525,180,150,30,1,1,2008-11-05
149,4.932538986206055,441.5327500104904,2.963307047050271,2.8719887733459473,0.6078153508996396,2.5497775077819824,3.2478208541870117,15,4.983863979219833,107,3.0318105220794678,15.740112781524658,0.14710385777125848,0.07699990272521973,0.30763250630786143,0.03736841678619385,0.1517009735107422,11,3.903179731293056,3.0318105220794678,0.653456449508667,0.5519275665283203,0.5356650352478027,0.4834423065185547,0.1926168232821133,0.21553340644139998,2.378354072570801,180,150,30,1,1,2008-11-12
149,5.521508693695068,456.5299345254898,3.063959292117381,2.8719887733459473,0.7735826121426794,2.5497775077819824,3.3361048698425293,15,4.974389273935616,100,3.0318105220794678,15.25040054321289,0.15250400543212891,0.07930254936218262,0.3174466180392167,0.03672069311141968,0.15321952104568481,10,3.8238819345656814,3.0318105220794678,0.653456449508667,0.5519275665283203,0.5356650352478027,0.4834423065185547,0.19880202578867734,0.21553340644139998,2.378354072570801,180,150,30,1,1,2008-11-19
149,5.929350852966309,472.79382741451263,3.17311293566787,2.8812575340270996,0.9149261583487879,2.5497775077819824,3.519002914428711,15,4.965570578651064,96,3.0318105220794678,14.661191701889038,0.1527207468946775,0.07109177112579346,0.3240173345797013,0.03611624240875244,0.14817076921463013,10,3.7506198714837016,3.0318105220794678,0.653456449508667,0.5519275665283203,0.5356650352478027,0.4834423065185547,0.2067915476262977,0.21553340644139998,2.378354072570801,180,150,30,1,1,2008-11-26
149,5.929350852966309,490.92115914821625,3.2947728801893708,2.8812575340270996,1.074452557606788,2.5497775077819824,3.7275848388671875,15,4.954944890141077,85,3.0318105220794678,13.225044012069702,0.15558875308317296,0.08160519599914551,0.34439027581224274,0.037999868392944336,0.1478588581085205,9,3.586089503211224,3.0318105220794678,0.7226269245147705,0.6896381378173828,0.653456449508667,0.5893006324768066,0.2292476697478297,0.23834831340948473,2.3091835975646973,180,150,30,1,1,2008-12-03
149,6.0683112144470215,506.7287007570267,3.4008637634699777,2.8812575340270996,1.2033845411747484,2.5497775077819824,3.8479912281036377,15,4.945972984262536,80,3.0318105220794678,11.431156396865845,0.14288945496082306,0.08114027976989746,0.33987392822045215,0.03768414258956909,0.14817076921463013,8,3.531030080448469,3.0318105220794678,0.653456449508667,0.3966066837310791,0.3554418087005615,0.25719213485717773,0.26522343119290354,0.21553340644139998,2.378354072570801,180,150,30,1,1,2008-12-10
149,5.929350852966309,522.0408498048782,3.50362986446227,2.8812575340270996,1.2688002574621184,2.5497775077819824,4.947585582733154,15,4.941965698835627,80,3.0318105220794678,12.755369186401367,0.15944211483001708,0.10418081283569336,0.3419244654788285,0.047154247760772705,0.16475433111190796,8,3.6228094328553495,3.0318105220794678,0.653456449508667,0.5341706275939941,0.3966066837310791,0.3554418087005615,0.23768896672247736,0.21553340644139998,2.378354072570801,180,150,30,1,1,2008-12-17
149,5.929350852966309,529.9932333230972,3.5570015659268273,3.0017623901367188,1.23342916680315,2.5497775077819824,4.914834976196289,15,4.945698416878722,77,2.954493999481201,12.179904699325562,0.1581805805107216,0.10658931732177734,0.3405346940621403,0.04372763633728027,0.1609330177307129,8,3.561820727580976,2.954493999481201,0.7372260093688965,0.3966066837310791,0.3586463928222656,0.3554418087005615,0.24257119184559797,0.24952699497726202,2.2172679901123047,180,150,30,1,1,2008-12-24
149,5.929350852966309,537.9713693857193,3.610546103259861,3.1681673526763916,1.1996622838062239,2.5971198081970215,4.828662872314453,15,4.949676725355614,75,2.2413926124572754,11.51269793510437,0.15350263913472492,0.1089167594909668,0.2674122040036684,0.05184376239776611,0.16051721572875977,8,3.7042627123562957,2.2413926124572754,0.7218894958496094,0.46384239196777344,0.3966066837310791,0.3554418087005615,0.1946887363059227,0.3220718636429296,1.519503116607666,180,150,30,1,1,2008-12-31
149,5.929350852966309,552.2731090784073,3.7065309334121292,3.4527010917663574,1.194616580561864,2.645714521408081,4.841172695159912,15,4.951931652068777,78,0.8150038719177246,10.979414701461792,0.14076172694181785,0.1130753755569458,0.13075356482371606,0.056063294410705566,0.16268479824066162,8,4.026081014574293,0.8150038719177246,0.5761213302612305,0.46384239196777344,0.3966066837310791,0.3845400810241699,0.07423017474776825,0.7068939794182848,0.23888254165649414,180,150,30,1,1,2009-01-07
149,5.929350852966309,565.0368419885635,3.792193570393044,3.8124589920043945,1.1642543154421374,2.716066598892212,4.841172695159912,15,4.956072430456159,72,0.5761213302612305,10.010756969451904,0.13903829124238756,0.1277223825454712,0.1077258238995649,0.06175631284713745,0.171039879322052,8,4.009983914488972,0.5761213302612305,0.46384239196777344,0.3966066837310791,0.3845400810241699,0.3554418087005615,0.057550226423364416,0.8051123393703433,0.11227893829345703,180,150,30,1,1,2009-01-14
149,5.929350852966309,580.9869438409805,3.899241233832084,4.005210876464844,1.1204276767390624,2.7897255420684814,4.867286682128906,15,4.961591465194353,68,0.46491003036499023,9.800575256347656,0.14412610671099493,0.13180303573608398,0.10544863506835049,0.06160843372344971,0.1759534478187561,7,3.9665346646419977,0.46491003036499023,0.46384239196777344,0.3966066837310791,0.3845400810241699,0.3554418087005615,0.04743701448176487,0.997703559124378,0.0010676383972167969,180,150,30,1,1,2009-01-21
149,5.89952278137207,600.0016498565674,4.0268567104467605,4.135843276977539,1.0493544144062756,2.9744038581848145,4.943391799926758,15,4.969150601961028,68,0.46491003036499023,9.873406887054443,0.1451971601037418,0.13180303573608398,0.10579667318042443,0.06375205516815186,0.1759534478187561,7,3.9709752793013355,0.46491003036499023,0.46384239196777344,0.3966066837310791,0.38572168350219727,0.3845400810241699,0.047087093207366836,0.997703559124378,0.0010676383972167969,180,150,30,1,1,2009-01-28
149,5.89952278137207,618.0170130729675,4.147765188409178,4.270291328430176,1.012075211592018,3.148271083831787,4.96251106262207,15,4.973156003551992,80,0.4890885353088379,11.767040252685547,0.14708800315856935,0.12916576862335205,0.11519917731574396,0.06260836124420166,0.1759534478187561,8,4.104643078022249,0.4890885353088379,0.477872371673584,0.46491003036499023,0.46384239196777344,0.3966066837310791,0.04156427825571644,0.9770672121190259,0.011216163635253906,180,150,30,1,1,2009-02-04
149,5.89952278137207,632.2554576396942,4.243325219058351,4.504316806793213,0.9887162688511666,3.3851382732391357,4.985090255737305,15,4.975463854373116,83,0.4890885353088379,12.570665836334229,0.1514538052570389,0.12807178497314453,0.12055626329885376,0.06450355052947998,0.18637359142303467,9,4.128067628723094,0.4890885353088379,0.477872371673584,0.46491003036499023,0.46384239196777344,0.4151020050048828,0.03890713043180078,0.9770672121190259,0.011216163635253906,180,150,30,1,1,2009-02-11
149,5.89952278137207,646.4650735855103,4.33869176903027,4.674422740936279,0.9750439592698386,3.727631092071533,5.029486656188965,15,4.977052017862874,87,0.4890885353088379,13.065480709075928,0.15017793918478078,0.12737298011779785,0.12056841608736799,0.06358599662780762,0.18637359142303467,9,4.167389463919638,0.4890885353088379,0.477872371673584,0.46491003036499023,0.46384239196777344,0.4151020050048828,0.037433642603681073,0.9770672121190259,0.011216163635253906,180,150,30,1,1,2009-02-18
149,5.89952278137207,659.5307660102844,4.426380979934795,4.801543712615967,0.9725259303193118,3.9198970794677734,5.08445930480957,15,4.977900295931735,86,0.4890885353088379,12.992647171020508,0.15107729268628498,0.1277223825454712,0.12052842605240122,0.06341993808746338,0.20189476013183594,9,4.157188621533784,0.4890885353088379,0.477872371673584,0.46491003036499023,0.46384239196777344,0.4151020050048828,0.037643486263501946,0.9770672121190259,0.011216163635253906,180,150,30,1,1,2009-02-25
149,5.89952278137207,678.7705390453339,4.555506973458616,4.846656799316406,0.9149698798447566,4.110666275024414,5.155921936035156,15,4.982018642235751,81,0.4890885353088379,12.495214700698853,0.15426190988517102,0.12737298011779785,0.122622599030002,0.06508898735046387,0.2151808738708496,9,4.097069779989971,0.4890885353088379,0.477872371673584,0.46491003036499023,0.46384239196777344,0.4151020050048828,0.03914206734530807,0.9770672121190259,0.011216163635253906,180,150,30,1,1,2009-03-04
149,5.89952278137207,697.4919140338898,4.681153785462348,4.882748603820801,0.8332988464044279,4.247799873352051,5.22107458114624,15,4.986665012184215,78,0.4890885353088379,12.338220357894897,0.1581823122807038,0.12305116653442383,0.1243571419212824,0.06721043586730957,0.21057617664337158,8,4.068930702778046,0.4890885353088379,0.477872371673584,0.46491003036499023,0.46384239196777344,0.4529531002044678,0.039640119978557785,0.9770672121190259,0.011216163635253906,180,150,30,1,1,2009-03-11
149,6.022434234619141,717.2673201560974,4.813874631920116,4.943391799926758,0.6898084897650456,4.494524955749512,5.301642417907715,15,4.993042536160132,85,0.4890885353088379,13.932110786437988,0.16390718572279986,0.1414194107055664,0.12577719528247183,0.06196308135986328,0.23288440704345703,9,4.150854456814162,0.4890885353088379,0.477872371673584,0.46491003036499023,0.46384239196777344,0.4151020050048828,0.03510512820389959,0.9770672121190259,0.011216163635253906,180,150,30,1,1,2009-03-18
149,6.428778648376465,741.0636119842529,4.973581288484919,4.998365879058838,0.5786318338418761,4.743717670440674,5.288650035858154,15,4.9970905333512015,138,0.6750607490539551,22.86212730407715,0.16566758915997934,0.13514471054077148,0.1310547579663953,0.06988525390625,0.22462189197540283,14,4.626893636518326,0.6750607490539551,0.5450868606567383,0.5299482345581055,0.4890885353088379,0.477872371673584,0.029527468729192458,0.8074634192857976,0.1299738883972168,180,150,30,1,1,2009-03-25
149,6.428778648376465,720.6249270439148,4.836408906334999,4.9474029541015625,0.6513360741048204,4.279234409332275,5.192448139190674,15,4.994772478196817,98,0.5324053764343262,16.742560863494873,0.170842457790764,0.12712621688842773,0.1343446288901185,0.06750047206878662,0.2399740219116211,10,4.282196470612535,0.5324053764343262,0.5299482345581055,0.522519588470459,0.4890885353088379,0.477872371673584,0.03179951865040979,0.9953848289574443,0.002457141876220703,180,150,30,1,1,2009-04-01
149,6.428778648376465,701.0467796325684,4.705011943842741,4.870066165924072,0.7617893972471973,3.950634002685547,5.17008638381958,15,4.990593956239705,67,0.9751343727111816,11.766220092773438,0.17561522526527518,0.11803054809570312,0.1718223336024555,0.060537099838256836,0.24791312217712402,7,3.7934273238898237,0.9751343727111816,0.5324053764343262,0.5064089298248291,0.4890885353088379,0.477872371673584,0.08287575491725575,0.545981550167359,0.44272899627685547,180,150,30,1,1,2009-04-08
149,6.428778648376465,682.9481127262115,4.583544380712829,4.794500350952148,0.7964091625286485,3.8080902099609375,5.128482341766357,15,4.988630683155419,63,0.7571930885314941,10.147669315338135,0.16107411611647832,0.10863828659057617,0.14860404232597788,0.045154571533203125,0.24791312217712402,7,3.732304976778533,0.7571930885314941,0.5064089298248291,0.4336891174316406,0.40811872482299805,0.39083385467529297,0.07461743825126443,0.6687976125177824,0.25078415870666504,180,150,30,1,1,2009-04-15
149,6.35451602935791,661.4951171875,4.4395645448825505,4.589277744293213,0.8151421701864467,3.7291603088378906,4.987632751464844,15,4.986985312842066,61,0.6270337104797363,10.359510898590088,0.16982804751787028,0.13169240951538086,0.14233752507067188,0.04598426818847656,0.2638707160949707,7,3.747123818630035,0.6270337104797363,0.4336891174316406,0.4236156940460205,0.4151794910430908,0.4119892120361328,0.060527346958539764,0.691651996030373,0.1933445930480957,180,150,30,1,1,2009-04-22
149,6.35451602935791,641.3998773097992,4.304697163153015,4.432776927947998,0.7722800598342171,3.508387327194214,4.950743675231934,15,4.9877495149659445,65,0.560248851776123,11.029472351074219,0.16968419001652643,0.12613582611083984,0.14209273834110783,0.0439906120300293,0.26589155197143555,7,3.810881691221264,0.560248851776123,0.4336891174316406,0.4331536293029785,0.42937302589416504,0.4151794910430908,0.05079561686571139,0.774100859032093,0.12655973434448242,180,150,30,1,1,2009-04-29
149,5.4860944747924805,623.7594058513641,4.186304737257477,4.204408168792725,0.7379166264299949,3.460897207260132,4.890705108642578,15,4.988314232768221,72,0.4581737518310547,11.196537256240845,0.15550746189223397,0.13317358493804932,0.11645240788321948,0.04534173011779785,0.24272781610488892,8,3.979649088620131,0.4581737518310547,0.4336891174316406,0.3887174129486084,0.36723852157592773,0.3527669906616211,0.040921022396962325,0.9465603729991883,0.024484634399414062,180,150,30,1,1,2009-05-06
149,5.4860944747924805,610.025130033493,4.094128389486531,3.88446044921875,0.7520156252980104,3.3413186073303223,4.870066165924072,15,4.98711268098457,78,0.49027490615844727,13.585922718048096,0.174178496385232,0.17355608940124512,0.12530311800959432,0.050543129444122314,0.2545037865638733,8,4.078626589504786,0.49027490615844727,0.48337841033935547,0.45611095428466797,0.4336891174316406,0.39530014991760254,0.036086978877566116,0.9859334105570906,0.006896495819091797,180,150,30,1,1,2009-05-13
149,5.4860944747924805,595.860232591629,3.9990619637022085,3.787825345993042,0.7878729460556423,3.2968194484710693,4.862096786499023,15,4.984678580554442,86,0.47727203369140625,12.379775524139404,0.1439508781876675,0.11475980281829834,0.11395452815000408,0.04448902606964111,0.22718799114227295,9,4.133419371867589,0.47727203369140625,0.4336891174316406,0.4333477020263672,0.4007914066314697,0.32865333557128906,0.03855255959696284,0.9086832808478668,0.043582916259765625,180,150,30,1,1,2009-05-20
149,5.4860944747924805,588.2428243160248,3.9479384182283543,3.7291603088378906,0.857286624400816,3.212722063064575,4.871176719665527,15,4.980611204335723,90,0.3681070804595947,10.178975582122803,0.11309972869025336,0.09160268306732178,0.09899289716463201,0.027616918087005615,0.17388838529586792,9,4.102625347105367,0.3681070804595947,0.343966007232666,0.3426082134246826,0.3214411735534668,0.3204035758972168,0.03616347023231849,0.9344183404546641,0.02414107322692871,180,150,30,1,1,2009-05-27
149,5.4860944747924805,581.6329007148743,3.903576514864928,3.492633104324341,0.9103014602551366,3.177090883255005,4.902043342590332,15,4.977069093048334,109,0.3954002857208252,12.977934837341309,0.11906362236092943,0.09930562973022461,0.09743705633447515,0.03418445587158203,0.17885446548461914,11,4.336203499169707,0.3954002857208252,0.3426082134246826,0.3214411735534668,0.31371235847473145,0.3084404468536377,0.03046711905064765,0.8664844862215989,0.05279207229614258,180,150,30,1,1,2009-06-03
149,5.4860944747924805,572.7805647850037,3.8441648643288837,3.413017749786377,0.9827035114398172,3.1098897457122803,4.902043342590332,15,4.97131589376014,121,0.5060336589813232,13.882506847381592,0.1147314615486082,0.09671783447265625,0.09671875976056499,0.03418445587158203,0.16728472709655762,13,4.432418397987284,0.5060336589813232,0.3426082134246826,0.3214411735534668,0.31371235847473145,0.3084404468536377,0.0364511730153958,0.6770462939449007,0.16342544555664062,180,150,30,1,1,2009-06-10
149,5.4860944747924805,560.1484212875366,3.759385377768702,3.317300319671631,1.0478028196555866,3.0344579219818115,4.902043342590332,15,4.965085218695467,122,0.3426082134246826,13.674986362457275,0.11209005215128914,0.09801173210144043,0.09069504139277344,0.03481638431549072,0.16713565587997437,13,4.457392797675884,0.3426082134246826,0.3214411735534668,0.31371235847473145,0.3084404468536377,0.3019084930419922,0.025053642054464097,0.9382179438734645,0.02116703987121582,180,150,30,1,1,2009-06-17
149,5.4860944747924805,545.6544902324677,3.6621106727011252,3.2968194484710693,1.070944177485604,2.739041805267334,4.902043342590332,15,4.9617740978953595,126,0.3426082134246826,13.687721729278564,0.10863271213713147,0.09160268306732178,0.08996450736462597,0.030158817768096924,0.1659526228904724,13,4.475380838845274,0.3426082134246826,0.3214411735534668,0.31371235847473145,0.3084404468536377,0.3019084930419922,0.025030331577521076,0.9382179438734645,0.02116703987121582,180,150,30,1,1,2009-06-24
149,5.578564643859863,529.2669041156769,3.5521268732595765,3.2467174530029297,1.044318632896096,2.686879873275757,4.494990825653076,15,4.962108224827954,134,0.3426082134246826,14.558446884155273,0.10864512600115876,0.0929185152053833,0.09042084972673975,0.028310418128967285,0.17011678218841553,14,4.530362876531252,0.3426082134246826,0.3214411735534668,0.31371235847473145,0.3084404468536377,0.3019084930419922,0.023533294186590826,0.9382179438734645,0.02116703987121582,180,150,30,1,1,2009-07-01
149,5.706623077392578,511.5074875354767,3.4329361579562194,3.1803641319274902,1.003450380682105,2.6597819328308105,4.17659854888916,15,4.963364958753202,141,0.3426082134246826,14.144817590713501,0.10031785525328724,0.07537508010864258,0.08814858905494971,0.026821374893188477,0.15762114524841309,15,4.557371557130983,0.3426082134246826,0.3214411735534668,0.31371235847473145,0.3084404468536377,0.3019084930419922,0.024221465651816904,0.9382179438734645,0.02116703987121582,180,150,30,1,1,2009-07-08
149,5.5425896644592285,491.6936728954315,3.29995753621095,3.1168456077575684,0.9175769839866426,2.638732433319092,3.6395790576934814,15,4.967593410192505,154,0.3426082134246826,15.730952024459839,0.10214903911986908,0.08156514167785645,0.0855608105208561,0.029402434825897217,0.15521985292434692,16,4.678003985113287,0.3426082134246826,0.3214411735534668,0.31371235847473145,0.3084404468536377,0.3019084930419922,0.02177924215215747,0.9382179438734645,0.02116703987121582,180,150,30,1,1,2009-07-15
149,5.4860944747924805,474.37397599220276,3.183717959679213,3.0417490005493164,0.8311543426560516,2.583103895187378,3.3338170051574707,15,4.972277046326244,167,0.3426082134246826,17.481761693954468,0.10468120774823035,0.0839385986328125,0.08619316262566258,0.03116321563720703,0.15858995914459229,17,4.7668969745819645,0.3426082134246826,0.3214411735534668,0.31371235847473145,0.3084404468536377,0.3019084930419922,0.01959803705270523,0.9382179438734645,0.02116703987121582,180,150,30,1,1,2009-07-22
149,5.17008638381958,455.9628896713257,3.060153621955206,2.8838443756103516,0.6967522864598714,2.583103895187378,3.300992965698242,15,4.97973275972144,174,0.3426082134246826,18.836710929870605,0.10825695936707244,0.0870966911315918,0.0874665033367617,0.03422445058822632,0.1659526228904724,18,4.816885706332739,0.3426082134246826,0.3214411735534668,0.31371235847473145,0.3084404468536377,0.3019084930419922,0.018188324633754735,0.9382179438734645,0.02116703987121582,180,150,30,1,1,2009-07-29
149,4.9538679122924805,438.48152589797974,2.942829032872347,2.7289602756500244,0.575054336197105,2.5471479892730713,3.248345136642456,15,4.98588589005141,180,0.3426082134246826,19.285004138946533,0.1071389118830363,0.08633828163146973,0.08764158371601213,0.03166985511779785,0.16448098421096802,18,4.842258158408929,0.3426082134246826,0.3214411735534668,0.31371235847473145,0.3084404468536377,0.3019084930419922,0.017765524495417507,0.9382179438734645,0.02116703987121582,180,150,30,1,1,2009-08-05
149,4.443840980529785,422.09178853034973,2.832830795505703,2.6846377849578857,0.47801872196830936,2.4638240337371826,3.2036590576171875,15,4.990134402783726,188,0.3426082134246826,20.294451475143433,0.1079492099741672,0.08633828163146973,0.08734339996076428,0.032510221004486084,0.16683751344680786,19,4.892410139814668,0.3426082134246826,0.3214411735534668,0.31371235847473145,0.3084404468536377,0.3019084930419922,0.01688186615165765,0.9382179438734645,0.02116703987121582,180,150,30,1,1,2009-08-12
149,3.7038893699645996,410.8274254798889,2.7572310434891873,2.668523073196411,0.3997744026871799,2.4415879249572754,3.1545474529266357,15,4.993472464334602,191,0.3426082134246826,20.427018404006958,0.10694774033511496,0.08607649803161621,0.08652185623217704,0.03234446048736572,0.1626502275466919,20,4.90987558814062,0.3426082134246826,0.3214411735534668,0.31371235847473145,0.3084404468536377,0.3019084930419922,0.016772306493711128,0.9382179438734645,0.02116703987121582,180,150,30,1,1,2009-08-19
149,3.4256632328033447,406.67563462257385,2.729366675319288,2.668523073196411,0.3675286433892506,2.4415879249572754,3.0696449279785156,15,4.994870475838306,188,0.3214411735534668,19.943216800689697,0.10608094042920052,0.08633828163146973,0.08583389914098029,0.03056544065475464,0.1600579023361206,19,4.892401598677099,0.3214411735534668,0.31371235847473145,0.3084404468536377,0.3019084930419922,0.29807400703430176,0.01611781974622822,0.9759557402267579,0.0077288150787353516,180,150,30,1,1,2009-08-26
149,3.4256632328033447,406.59148120880127,2.728801887307391,2.668523073196411,0.3689823126012856,2.4415879249572754,3.0696449279785156,15,4.9948075643350816,176,0.3084404468536377,17.854921579360962,0.10144841806455092,0.08070504665374756,0.08188031324781406,0.033807337284088135,0.15330743789672852,18,4.8339497091409545,0.3084404468536377,0.3019084930419922,0.29807400703430176,0.29390954971313477,0.28502631187438965,0.017274813864776268,0.9788226418477954,0.006531953811645508,180,150,30,1,1,2009-09-02
149,3.499131441116333,405.5963351726532,2.7221230548500213,2.6639506816864014,0.3740352689947611,2.4415879249572754,2.9875290393829346,15,4.994569171036949,161,0.4564335346221924,15.63773250579834,0.09712877332794,0.0744333267211914,0.08324739845604862,0.030339956283569336,0.14879608154296875,17,4.716394159775039,0.4564335346221924,0.3084404468536377,0.3019084930419922,0.28502631187438965,0.2822401523590088,0.029187961518906316,0.6757620189080668,0.1479930877685547,180,150,30,1,1,2009-09-09
149,3.460972785949707,400.49374651908875,2.687877493416703,2.6565167903900146,0.3465995892499377,2.440230131149292,2.8876430988311768,15,4.995696569592459,165,0.4564335346221924,16.490875959396362,0.09994470278422038,0.07994294166564941,0.08285709234945714,0.032012939453125,0.15242910385131836,17,4.760362295761349,0.4564335346221924,0.3084404468536377,0.3019084930419922,0.28502631187438965,0.2822401523590088,0.02767794359414367,0.6757620189080668,0.1479930877685547,180,150,30,1,1,2009-09-16
149,3.4256632328033447,395.6392960548401,2.6552972889586584,2.643686532974243,0.31630786367603575,2.440230131149292,2.8344967365264893,15,4.996894993192555,170,0.4564335346221924,16.35739278793335,0.09621995757607853,0.07404327392578125,0.0820871476032438,0.029822826385498047,0.1473151445388794,17,4.776754493633219,0.4564335346221924,0.3084404468536377,0.3019084930419922,0.28502631187438965,0.2822401523590088,0.027903807198351185,0.6757620189080668,0.1479930877685547,180,150,30,1,1,2009-09-23
149,3.3619942665100098,391.4413459300995,2.6271231270476476,2.6231775283813477,0.29069209326910683,2.440230131149292,2.783238410949707,15,4.997854972728682,176,0.4564335346221924,17.929248571395874,0.10187073051929474,0.07449924945831299,0.08824035990913563,0.030167579650878906,0.15188872814178467,18,4.800999573678552,0.4564335346221924,0.3384861946105957,0.33425164222717285,0.3084404468536377,0.3019084930419922,0.02545748266050488,0.7415892324624521,0.11794734001159668,180,150,30,1,1,2009-09-30
149,3.3619942665100098,386.6831817626953,2.5951891393469486,2.592724084854126,0.2589039233696026,2.440230131149292,2.7256860733032227,15,4.998977848974738,183,0.656846284866333,20.501201629638672,0.1120284242056758,0.0814671516418457,0.10612568932307785,0.03514671325683594,0.15484118461608887,19,4.823025176654974,0.656846284866333,0.5546073913574219,0.501746416091919,0.4564335346221924,0.44132256507873535,0.03203940416432604,0.8443488288440019,0.10223889350891113,180,150,30,1,1,2009-10-07
149,3.295881986618042,384.5445194244385,2.5808357008351575,2.5691676139831543,0.25274809471466414,2.4332103729248047,2.721972942352295,15,4.999157370193361,190,0.656846284866333,22.680932760238647,0.11937333031704551,0.08867967128753662,0.11100540446144933,0.03864949941635132,0.16894268989562988,19,4.877089358328827,0.656846284866333,0.5608406066894531,0.5462765693664551,0.501746416091919,0.4564335346221924,0.028960285355540277,0.8538384392378547,0.09600567817687988,180,150,30,1,1,2009-10-14
149,3.295881986618042,380.55421328544617,2.554055122721115,2.5465362071990967,0.24834265294247845,2.403202533721924,2.680459499359131,15,4.999250132564517,179,0.656846284866333,22.114261150360107,0.12354335838190005,0.08607649803161621,0.11880808255268643,0.037844300270080566,0.17165160179138184,18,4.7886861044923394,0.656846284866333,0.5608406066894531,0.5462765693664551,0.501746416091919,0.4564335346221924,0.029702384375416356,0.8538384392378547,0.09600567817687988,180,150,30,1,1,2009-10-21
149,3.295881986618042,382.861403465271,2.5695396205722885,2.5471479892730713,0.2398146198761932,2.4373586177825928,2.6894044876098633,15,4.9996283181503465,168,0.6439304351806641,20.744685411453247,0.12348027030626933,0.08575558662414551,0.11795997769079623,0.03748685121536255,0.17143511772155762,17,4.730949163761244,0.6439304351806641,0.5608406066894531,0.5462765693664551,0.501746416091919,0.4564335346221924,0.031040742359252495,0.8709645887945973,0.08308982849121094,180,150,30,1,1,2009-10-28
149,3.5514907836914062,390.109078168869,2.618181732676973,2.5666263103485107,0.26991678419749277,2.467463731765747,2.7489585876464844,15,4.998736570697291,158,0.6439304351806641,19.382185220718384,0.12267205835897711,0.08575558662414551,0.11661911073127353,0.03892165422439575,0.1708117127418518,16,4.674343624142635,0.6439304351806641,0.5608406066894531,0.5462765693664551,0.47811317443847656,0.4564335346221924,0.03322279855691098,0.8709645887945973,0.08308982849121094,180,150,30,1,1,2009-11-04
149,3.8894927501678467,399.50195384025574,2.681221166713126,2.619974136352539,0.3449539929728301,2.48653507232666,2.783238410949707,15,4.996002560643403,155,0.7286298274993896,19.48201322555542,0.12569040790680916,0.08607649803161621,0.1296619165812628,0.03921401500701904,0.16214120388031006,16,4.624753525453272,0.7286298274993896,0.7054224014282227,0.6292145252227783,0.5944726467132568,0.5482511520385742,0.03740013001036328,0.9681492231098837,0.023207426071166992,180,150,30,1,1,2009-11-11
149,3.8894927501678467,406.9772255420685,2.731390775450124,2.643686532974243,0.3975420034410896,2.48653507232666,2.8312318325042725,15,4.993773697382279,139,0.7286298274993896,19.385758876800537,0.13946589120000386,0.10863113403320312,0.1392172480484249,0.04858684539794922,0.19025719165802002,14,4.541055008981216,0.7286298274993896,0.7192108631134033,0.708430290222168,0.7054224014282227,0.5482511520385742,0.03758582948080308,0.9870730458313632,0.009418964385986328,180,150,30,1,1,2009-11-18
149,3.8894927501678467,414.8465027809143,2.784204716650432,2.659379720687866,0.44436911857576883,2.48653507232666,2.9307467937469482,15,4.991660444255885,128,0.7286298274993896,18.491786241531372,0.14446708001196384,0.10810995101928711,0.14439330370816364,0.04474067687988281,0.2006901502609253,13,4.450095101548943,0.7286298274993896,0.7192108631134033,0.708430290222168,0.7054224014282227,0.5482511520385742,0.039402890449973596,0.9870730458313632,0.009418964385986328,180,150,30,1,1,2009-11-25
149,3.8894927501678467,422.94706892967224,2.8385709324139077,2.756052017211914,0.45715096237948266,2.5055832862854004,3.090993881225586,15,4.99127173618154,126,0.6892240047454834,19.451023817062378,0.15437320489732045,0.11568176746368408,0.15273942935107435,0.04723101854324341,0.2100292444229126,13,4.417004440705311,0.6892240047454834,0.6518511772155762,0.6360287666320801,0.6058995723724365,0.59798264503479,0.0354338162981888,0.9457754992969111,0.03737282752990723,180,150,30,1,1,2009-12-02
149,3.8894927501678467,429.24199867248535,2.8808187830368146,2.783238410949707,0.4734442022044487,2.5213241577148438,3.2988479137420654,15,4.990610569149548,132,0.5886871814727783,21.355764865875244,0.16178609746875186,0.1253601312637329,0.13953266783744483,0.04908871650695801,0.2395496368408203,14,4.524278251835879,0.5886871814727783,0.551682710647583,0.522428035736084,0.5011637210845947,0.4689757823944092,0.02756572687375164,0.9371406886546816,0.03700447082519531,180,150,30,1,1,2009-12-09
149,3.8894927501678467,434.9841208457947,2.9193565157435883,2.830120801925659,0.48430193275307526,2.5213241577148438,3.358722686767578,15,4.990222912189267,131,0.6314010620117188,24.63441514968872,0.18804897060831086,0.14092135429382324,0.1603472621656852,0.05501842498779297,0.28228282928466797,14,4.511179675751491,0.6314010620117188,0.6170165538787842,0.5774240493774414,0.5549099445343018,0.5393593311309814,0.02563085253597738,0.9772181122294856,0.01438450813293457,180,150,30,1,1,2009-12-16
149,3.828279733657837,438.3138258457184,2.941703529165895,2.866159439086914,0.4783901136733096,2.5213241577148438,3.358722686767578,15,4.99063261302902,139,0.6156036853790283,27.55180549621582,0.19821442803032965,0.15430402755737305,0.1616811460036243,0.06444954872131348,0.31425046920776367,14,4.594309907550558,0.6156036853790283,0.6090786457061768,0.6039233207702637,0.5774240493774414,0.557283878326416,0.02234349707004066,0.9894005838044422,0.0065250396728515625,180,150,30,1,1,2009-12-23
149,3.951993703842163,446.5620427131653,2.9970606893501026,3.000004291534424,0.49287743860616906,2.5439682006835938,3.410945177078247,15,4.990249158022854,139,0.6090786457061768,27.477423667907715,0.19767930696336486,0.15421199798583984,0.15863734778386765,0.06444954872131348,0.31425046920776367,14,4.602379625876818,0.6090786457061768,0.5951747894287109,0.5774240493774414,0.557283878326416,0.5549099445343018,0.02216651215439644,0.9771723136651008,0.01390385627746582,180,150,30,1,1,2009-12-30
149,4.184790134429932,458.65123295783997,3.0781961943479192,3.090993881225586,0.501896034385112,2.6212737560272217,3.4777345657348633,15,4.990517932500384,140,0.6090786457061768,27.376781225204468,0.19554843732288907,0.15147161483764648,0.15956969141851177,0.055561602115631104,0.3137112855911255,14,4.59664590087792,0.6090786457061768,0.5951747894287109,0.5774240493774414,0.557283878326416,0.5549099445343018,0.02224800062125009,0.9771723136651008,0.01390385627746582,180,150,30,1,1,2010-01-06
149,4.184790134429932,468.6584162712097,3.145358498464495,3.2730884552001953,0.4890718860536947,2.7420077323913574,3.548701047897339,15,4.9917264780478225,148,0.6090786457061768,28.787686824798584,0.1945113974648553,0.15298163890838623,0.1573020352377064,0.05810457468032837,0.2957940101623535,15,4.655817435222485,0.6090786457061768,0.5951747894287109,0.5774240493774414,0.557283878326416,0.5549099445343018,0.021157609828570803,0.9771723136651008,0.01390385627746582,180,150,30,1,1,2010-01-13
149,4.184790134429932,477.4665758609772,3.204473663496491,3.2988479137420654,0.5220411171504483,2.770115613937378,3.5990538597106934,15,4.990491270928025,150,0.6090786457061768,29.47514843940735,0.196500989596049,0.1590266227722168,0.15648540523580506,0.0594182014465332,0.30019092559814453,15,4.676895563680291,0.6090786457061768,0.5951747894287109,0.5774240493774414,0.557283878326416,0.5549099445343018,0.020664141758548627,0.9771723136651008,0.01390385627746582,180,150,30,1,1,2010-01-20
149,4.205689907073975,483.83885645866394,3.2472406473735833,3.3523335456848145,0.5391102525601643,2.770115613937378,3.6481664180755615,15,4.989878793161147,156,0.6090786457061768,30.063109636306763,0.1927122412583767,0.15425801277160645,0.15497663934793954,0.05810457468032837,0.2877231240272522,16,4.713383410156463,0.6090786457061768,0.5951747894287109,0.5774240493774414,0.557283878326416,0.5549099445343018,0.02026000147937463,0.9771723136651008,0.01390385627746582,180,150,30,1,1,2010-01-27
149,4.205689907073975,489.464173078537,3.2849944501915234,3.401273727416992,0.5672706158019284,2.770115613937378,3.727147102355957,15,4.988700286195632,171,0.6090786457061768,32.35018610954285,0.1891823749096073,0.15119194984436035,0.1531245629357242,0.057366013526916504,0.27533483505249023,18,4.80298303717448,0.6090786457061768,0.5951747894287109,0.5774240493774414,0.557283878326416,0.5549099445343018,0.01882767053159262,0.9771723136651008,0.01390385627746582,180,150,30,1,1,2010-02-03
149,4.205689907073975,497.39734411239624,3.3382372088080285,3.4565463066101074,0.5734194269876399,2.8031821250915527,3.7824881076812744,15,4.988713269134125,182,0.6090786457061768,36.046672344207764,0.1980586392538888,0.16197943687438965,0.1562442217265964,0.054255902767181396,0.31478965282440186,19,4.872353859189385,0.6090786457061768,0.5951747894287109,0.5774240493774414,0.557283878326416,0.5549099445343018,0.016896945157381438,0.9771723136651008,0.01390385627746582,180,150,30,1,1,2010-02-10
149,4.184790134429932,504.7449824810028,3.3875502179933075,3.5201807022094727,0.539873904853114,3.0538172721862793,3.7876126766204834,15,4.990697024835702,177,0.6341848373413086,36.67228937149048,0.20718807554514396,0.18780732154846191,0.15336559507714767,0.07893085479736328,0.3131721019744873,18,4.884643362618449,0.6341848373413086,0.6090786457061768,0.5951747894287109,0.5774240493774414,0.5639266967773438,0.017293298242632548,0.9604118702358377,0.025106191635131836,180,150,30,1,1,2010-02-17
149,4.184790134429932,514.3059368133545,3.451717696733923,3.5564916133880615,0.5224015164125858,3.280956745147705,3.853318452835083,15,4.991901769860776,171,0.6341848373413086,35.05855393409729,0.20502078324033504,0.1749892234802246,0.1544813939754458,0.07624697685241699,0.31425046920776367,18,4.838831746608188,0.6341848373413086,0.6090786457061768,0.5951747894287109,0.5774240493774414,0.557283878326416,0.01808930392660926,0.9604118702358377,0.025106191635131836,180,150,30,1,1,2010-02-24
149,4.789064884185791,525.9621896743774,3.529947581707231,3.6227478981018066,0.5025446011177768,3.3451805114746094,3.9179155826568604,15,4.993270238825742,161,0.9132142066955566,34.541239976882935,0.21454186321045302,0.19269204139709473,0.1650626084354958,0.07893085479736328,0.3276937007904053,17,4.769190529916473,0.9132142066955566,0.6090786457061768,0.5951747894287109,0.5774240493774414,0.557283878326416,0.026438373587825286,0.6669614218006014,0.3041355609893799,180,150,30,1,1,2010-03-03
149,5.129973411560059,545.32124376297,3.6598741192145634,3.688962697982788,0.5142224898691786,3.401273727416992,3.951993703842163,15,4.994015453950307,164,0.7933011054992676,33.224374771118164,0.20258765104340343,0.184251070022583,0.1538573342898021,0.07475316524505615,0.30310219526290894,17,4.795292012951124,0.7933011054992676,0.6090786457061768,0.5951747894287109,0.557283878326416,0.5229957103729248,0.02387708153921023,0.767777381733069,0.18422245979309082,180,150,30,1,1,2010-03-10
149,5.129973411560059,565.4710276126862,3.7951075678703767,3.7482852935791016,0.5007046373809356,3.4777345657348633,3.984504461288452,15,4.995494745164432,165,0.7894785404205322,33.21291136741638,0.20129037192373564,0.18780732154846191,0.15244058219279222,0.07552146911621094,0.293595552444458,17,4.80321340925204,0.7894785404205322,0.6665740013122559,0.6242494583129883,0.557283878326416,0.5238234996795654,0.02377022994723228,0.8443218747366981,0.12290453910827637,180,150,30,1,1,2010-03-17
149,5.428025245666504,582.8300061225891,3.9116107793462356,3.7724592685699463,0.5274835649172516,3.5564916133880615,4.052265167236328,15,4.995246702232487,155,0.557283878326416,28.583008527755737,0.18440650663068217,0.1762228012084961,0.13069284926860178,0.06931376457214355,0.2733488082885742,16,4.763437703824992,0.557283878326416,0.5079874992370605,0.47266530990600586,0.46772241592407227,0.46030378341674805,0.01949703362349913,0.9115417096984793,0.04929637908935547,180,150,30,1,1,2010-03-24
149,5.428025245666504,592.1218535900116,3.9739721717450442,3.852140188217163,0.5489641758937769,3.5990538597106934,4.124340534210205,15,4.9947349406357695,159,0.557283878326416,27.74943995475769,0.174524779589671,0.15430402755737305,0.13119949134151998,0.05653834342956543,0.27005910873413086,16,4.764642271226895,0.557283878326416,0.5079874992370605,0.47266530990600586,0.46772241592407227,0.46030378341674805,0.02008270722706491,0.9115417096984793,0.04929637908935547,180,150,30,1,1,2010-03-31
149,5.227938652038574,591.6302361488342,3.9706727258311023,3.857041120529175,0.5068028292503113,3.6287593841552734,4.126096248626709,15,4.996035371164584,158,0.5079874992370605,27.781725645065308,0.1758337066143374,0.16571545600891113,0.1285872683140638,0.061204612255096436,0.2661947011947632,16,4.769849172219351,0.5079874992370605,0.47266530990600586,0.46772241592407227,0.46030378341674805,0.4523911476135254,0.018284951256341095,0.9304664201695817,0.03532218933105469,180,150,30,1,1,2010-04-07
149,5.0540690422058105,583.2941370010376,3.914725751684816,3.857041120529175,0.46600882669259297,3.6078598499298096,4.125542163848877,15,4.996977255098614,157,0.5079874992370605,26.63671851158142,0.16966062746230204,0.15421199798583984,0.12571312951164876,0.059201717376708984,0.2661142349243164,16,4.7550330532631975,0.5079874992370605,0.47266530990600586,0.46772241592407227,0.46030378341674805,0.4523911476135254,0.019070948961531876,0.9304664201695817,0.03532218933105469,180,150,30,1,1,2010-04-14
149,5.017887115478516,568.7601568698883,3.8171822608717334,3.8106446266174316,0.47298727068043595,3.5432369709014893,4.118770122528076,15,4.996202327989959,140,0.6075174808502197,24.34684157371521,0.17390601124082292,0.1512746810913086,0.13417163380088937,0.05112802982330322,0.26614105701446533,14,4.626316736968631,0.6075174808502197,0.5079874992370605,0.47266530990600586,0.46772241592407227,0.46030378341674805,0.024952619788929587,0.8361693535569262,0.09952998161315918,180,150,30,1,1,2010-04-21
149,4.908271312713623,554.8817481994629,3.724038578519885,3.8080925941467285,0.5660127594850158,3.366177797317505,4.118646144866943,15,4.991867555521674,126,0.5079874992370605,20.8314208984375,0.1653287372891865,0.1436401605606079,0.1316585481574477,0.04556906223297119,0.2503255009651184,13,4.502305069311031,0.5079874992370605,0.47266530990600586,0.46772241592407227,0.46030378341674805,0.4523911476135254,0.024385638488787057,0.9304664201695817,0.03532218933105469,180,150,30,1,1,2010-04-28
149,4.908271312713623,548.6514024734497,3.682224177674159,3.8080925941467285,0.6026295049577302,3.295321226119995,4.118646144866943,15,4.989905276418911,118,0.5079874992370605,18.478219747543335,0.15659508260629945,0.12233555316925049,0.13283191022660998,0.03735935688018799,0.23696929216384888,12,4.407879072098212,0.5079874992370605,0.47266530990600586,0.46772241592407227,0.46030378341674805,0.4523911476135254,0.027491149373553538,0.9304664201695817,0.03532218933105469,180,150,30,1,1,2010-05-05
149,4.908271312713623,543.5824089050293,3.648204086610935,3.841733932495117,0.6291072279839258,3.1456940174102783,4.091457366943359,15,4.988413462632312,119,0.5079874992370605,17.62229037284851,0.14808647372141606,0.10545635223388672,0.13340353988847614,0.044499993324279785,0.21549320220947266,12,4.393345685821538,0.5079874992370605,0.4918198585510254,0.47965335845947266,0.47266530990600586,0.4523911476135254,0.02882641747974717,0.9681731524686786,0.016167640686035156,180,150,30,1,1,2010-05-12
149,4.908271312713623,540.7094039916992,3.6289221744409343,3.880934953689575,0.6381052902131256,2.9754648208618164,4.059036731719971,15,4.987778590131034,126,0.5079874992370605,17.50369429588318,0.13891820869748556,0.11052393913269043,0.12315896047717911,0.04527485370635986,0.19482827186584473,13,4.463073959134483,0.5079874992370605,0.48528623580932617,0.47266530990600586,0.4409027099609375,0.4261631965637207,0.029021730535852528,0.9553113738786307,0.022701263427734375,180,150,30,1,1,2010-05-19
149,4.908271312713623,538.1019616127014,3.61142256115907,3.82004976272583,0.6476689718638954,2.9754648208618164,4.060413837432861,15,4.987253783059165,139,0.5024585723876953,19.68222975730896,0.14159877523243855,0.11429882049560547,0.11568008763564379,0.05222010612487793,0.1947118043899536,14,4.613540328912667,0.5024585723876953,0.47266530990600586,0.46071672439575195,0.42678403854370117,0.4261631965637207,0.025528539123018227,0.9407050369543679,0.029793262481689453,180,150,30,1,1,2010-05-26
149,4.908271312713623,531.4991283416748,3.5671082439038577,3.733931541442871,0.681501123864518,2.9010424613952637,4.059036731719971,15,4.985231902749055,120,0.5024585723876953,15.986340761184692,0.13321950634320576,0.10797333717346191,0.11274667028940229,0.05180370807647705,0.1728622317314148,12,4.456481703719902,0.5024585723876953,0.47266530990600586,0.46425962448120117,0.4261631965637207,0.4121131896972656,0.03143049306240735,0.9407050369543679,0.029793262481689453,180,150,30,1,1,2010-06-02
149,4.908271312713623,519.8757765293121,3.4890991713376653,3.6534616947174072,0.7321222859987464,2.8199777603149414,4.059036731719971,15,4.981530121426566,110,0.6675410270690918,15.757575988769531,0.14325069080699573,0.10809767246246338,0.13108568538845455,0.05091732740402222,0.18283379077911377,11,4.323255163942253,0.6675410270690918,0.5024585723876953,0.47266530990600586,0.46425962448120117,0.4261631965637207,0.04236317994245119,0.7527006611021226,0.16508245468139648,180,150,30,1,1,2010-06-09
149,4.908271312713623,505.69007658958435,3.3938931314737206,3.557047128677368,0.730508977959863,2.6481549739837646,3.9961113929748535,15,4.980612854987189,106,0.6675410270690918,17.15876317024231,0.16187512424756895,0.11205542087554932,0.14621562184117792,0.05524027347564697,0.25169461965560913,11,4.282435652204102,0.6675410270690918,0.5903301239013672,0.5024585723876953,0.48459911346435547,0.47266530990600586,0.03890379629615606,0.8843353441409779,0.07721090316772461,180,150,30,1,1,2010-06-16
149,4.908271312713623,492.392493724823,3.3046476088914294,3.2048211097717285,0.7482398297583769,2.553471326828003,3.9641029834747314,15,4.978349382334496,113,0.5410881042480469,16.45934224128723,0.14565789594059497,0.09439659118652344,0.13493873194898132,0.0405275821685791,0.2052304744720459,12,4.3250889581222065,0.5410881042480469,0.5024585723876953,0.47266530990600586,0.46822261810302734,0.45513486862182617,0.03287422403130796,0.9286076859626489,0.03862953186035156,180,150,30,1,1,2010-06-23
149,4.908271312713623,480.04444098472595,3.22177477170957,2.948338747024536,0.7659271839104681,2.523557662963867,3.941981315612793,15,4.976031145515166,110,0.5735306739807129,15.042400121688843,0.13674909201535312,0.09170448780059814,0.13192259179184967,0.03887069225311279,0.19967132806777954,11,4.27695781891263,0.5735306739807129,0.5053157806396484,0.5037641525268555,0.5024585723876953,0.47266530990600586,0.0381276039289614,0.8810614733688011,0.06821489334106445,180,150,30,1,1,2010-06-30
149,4.908271312713623,471.4115746021271,3.1638360711552154,2.8808987140655518,0.7763072461437892,2.5054521560668945,3.9179155826568604,15,4.9745942877814615,111,0.8617935180664062,13.93817138671875,0.1255691115920608,0.09093141555786133,0.12809425037681646,0.03724372386932373,0.17973113059997559,12,4.27580301547389,0.8617935180664062,0.5037641525268555,0.44730186462402344,0.40305304527282715,0.3943657875061035,0.06182974036949944,0.5845531928078826,0.3580293655395508,180,150,30,1,1,2010-07-07
149,4.908271312713623,462.7041392326355,3.1053969076015804,2.831362247467041,0.7743671785123392,2.50335693359375,3.7706217765808105,15,4.974108429683762,119,0.6979899406433105,16.53598976135254,0.13895789715422302,0.09135127067565918,0.1419585364585886,0.038150668144226074,0.19324564933776855,12,4.3193947359642,0.6979899406433105,0.6090970039367676,0.5604639053344727,0.537468671798706,0.471541166305542,0.04221035152517048,0.8726443870743843,0.08889293670654297,180,150,30,1,1,2010-07-14
149,4.908271312713623,453.24730134010315,3.0419281969134437,2.7467010021209717,0.7955036994457013,2.4416847229003906,3.6026830673217773,15,4.9718647232371,129,0.6090970039367676,17.30761408805847,0.13416755107022071,0.09237813949584961,0.12668171425871042,0.04250359535217285,0.18897128105163574,13,4.458736552047355,0.6090970039367676,0.5604639053344727,0.5277459621429443,0.4911527633666992,0.41111278533935547,0.03519243038571209,0.9201554131969697,0.04863309860229492,180,150,30,1,1,2010-07-21
149,4.908271312713623,435.2067894935608,2.9208509361983945,2.611809015274048,0.7235282799997957,2.400514602661133,3.3059635162353516,15,4.975386873394182,124,0.6090970039367676,15.869807720184326,0.12798232032406714,0.09114134311676025,0.1261603727997503,0.038371503353118896,0.1723250150680542,13,4.392905912836478,0.6090970039367676,0.5604639053344727,0.5277459621429443,0.4911527633666992,0.4618241786956787,0.03838086854461857,0.9201554131969697,0.04863309860229492,180,150,30,1,1,2010-07-28
149,4.664731502532959,417.45334792137146,2.8017003216199425,2.5523741245269775,0.6213243655778268,2.3745853900909424,2.9754648208618164,15,4.980957269843186,128,0.6090970039367676,16.085294008255005,0.12566635943949223,0.08774816989898682,0.12472078517334889,0.038371503353118896,0.17088472843170166,13,4.42303331179653,0.6090970039367676,0.5604639053344727,0.5277459621429443,0.4911527633666992,0.4662179946899414,0.03786670008171301,0.9201554131969697,0.04863309860229492,180,150,30,1,1,2010-08-04
149,4.1719970703125,399.49210131168365,2.681155042360293,2.523557662963867,0.5412304735342379,2.3123714923858643,2.89634108543396,15,4.984509070794504,134,0.6090970039367676,16.277462244033813,0.12147359883607324,0.08375787734985352,0.12273714710435744,0.03792983293533325,0.1685001254081726,14,4.461084090679238,0.6090970039367676,0.5604639053344727,0.5277459621429443,0.4911527633666992,0.4662179946899414,0.03741965392424856,0.9201554131969697,0.04863309860229492,180,150,30,1,1,2010-08-11
149,4.046114444732666,382.9437743425369,2.570092445251926,2.5054521560668945,0.5209631320051811,2.2257089614868164,2.8560431003570557,15,4.983754572807087,136,0.6090970039367676,16.259562492370605,0.11955560656154857,0.08117735385894775,0.12242313769298754,0.03736346960067749,0.16471630334854126,14,4.4686332571089675,0.6090970039367676,0.5604639053344727,0.5277459621429443,0.4911527633666992,0.4662179946899414,0.037460848299120664,0.9201554131969697,0.04863309860229492,180,150,30,1,1,2010-08-18
149,3.723295211791992,364.99301421642303,2.4496175450766646,2.4578142166137695,0.516894403398228,2.183366298675537,2.801603317260742,15,4.980786383589314,136,0.6090970039367676,16.259562492370605,0.11955560656154857,0.08117735385894775,0.12242313769298754,0.03736346960067749,0.16471630334854126,14,4.4686332571089675,0.6090970039367676,0.5604639053344727,0.5277459621429443,0.4911527633666992,0.4662179946899414,0.037460848299120664,0.9201554131969697,0.04863309860229492,180,150,30,1,1,2010-08-25
149,3.3129210472106934,354.29082930088043,2.37779080067705,2.4219071865081787,0.4793662017033395,2.1798598766326904,2.6396515369415283,15,4.98192349392938,134,0.6090970039367676,16.01280403137207,0.11949853754755277,0.08117735385894775,0.12319865243640826,0.03694659471511841,0.16226977109909058,14,4.448130939478453,0.6090970039367676,0.5604639053344727,0.5277459621429443,0.4911527633666992,0.4662179946899414,0.03803812266380285,0.9201554131969697,0.04863309860229492,180,150,30,1,1,2010-09-01
149,3.3129210472106934,352.6145302057266,2.3665404711793734,2.4219071865081787,0.4684496312742577,2.1798598766326904,2.6278975009918213,15,4.982656906580049,133,0.6121549606323242,16.601401567459106,0.12482256817638426,0.0831763744354248,0.13005413675567204,0.03770899772644043,0.17068719863891602,14,4.436647355525291,0.6121549606323242,0.6090970039367676,0.5604639053344727,0.5277459621429443,0.4911527633666992,0.036873691546153976,0.9950046035853439,0.0030579566955566406,180,150,30,1,1,2010-09-08
149,3.3129210472106934,352.64221727848053,2.3667262904596007,2.4219071865081787,0.46858175627816034,2.1798598766326904,2.6278975009918213,15,4.982648314580354,130,1.585547685623169,17.512866258621216,0.1347143558355478,0.08375787734985352,0.17842013074877716,0.03694659471511841,0.17252856492996216,13,4.32365452040969,1.585547685623169,0.6090970039367676,0.5604639053344727,0.5277459621429443,0.4911527633666992,0.09053616136893852,0.38415558829274427,0.9764506816864014,180,150,30,1,1,2010-09-15
149,3.307772636413574,356.75212919712067,2.3943095919269846,2.4808971881866455,0.48072261270782085,2.1798598766326904,2.6848747730255127,15,4.981940823001196,147,1.7076923847198486,19.99935555458069,0.13605003778626318,0.08667826652526855,0.17774801982609154,0.035364389419555664,0.18473529815673828,15,4.458023189391973,1.7076923847198486,0.5571508407592773,0.5282678604125977,0.4662179946899414,0.45051074028015137,0.0853873706109853,0.32625948662919135,1.1505415439605713,180,150,30,1,1,2010-09-22
149,3.307772636413574,358.8667103052139,2.4085014114443886,2.4931442737579346,0.4895640179813114,2.1798598766326904,2.7252938747406006,15,4.98138083295688,155,1.7088143825531006,22.171569108963013,0.14304238134814848,0.09073901176452637,0.1778112552798142,0.0328974723815918,0.21572768688201904,16,4.534563851051778,1.7088143825531006,0.5733234882354736,0.564378023147583,0.45358800888061523,0.45049405097961426,0.07707232510947096,0.3355095170599419,1.135490894317627,180,150,30,1,1,2010-09-29
149,3.307772636413574,362.4616061449051,2.4326282291604366,2.524911403656006,0.5074519668358703,2.1798598766326904,2.7999541759490967,15,4.980226919044562,160,1.7088143825531006,21.367379188537598,0.13354611992836,0.08331871032714844,0.16832447221257488,0.03643143177032471,0.19354289770126343,16,4.591227335637057,1.7088143825531006,0.5733234882354736,0.564378023147583,0.42560625076293945,0.4107978343963623,0.07997304524224402,0.3355095170599419,1.135490894317627,180,150,30,1,1,2010-10-06
149,3.343407154083252,366.8167976140976,2.4618577021080377,2.5406577587127686,0.5371334225214254,2.1798598766326904,2.8152873516082764,15,4.978213126632692,150,1.7088143825531006,18.41068959236145,0.12273793061574301,0.07829093933105469,0.16223430974747438,0.03581798076629639,0.17535114288330078,15,4.520487432088594,1.7088143825531006,0.40970635414123535,0.389601469039917,0.38773369789123535,0.38390588760375977,0.09281642460921635,0.23976059560611987,1.2991080284118652,180,150,30,1,1,2010-10-13
149,4.189491271972656,370.99638736248016,2.4899086400166452,2.5406577587127686,0.5792078756295139,2.1798598766326904,2.8152873516082764,15,4.975263441122517,141,1.7088143825531006,14.948115587234497,0.10601500416478367,0.069427490234375,0.15964103069961097,0.03229045867919922,0.13145732879638672,15,4.401587491659743,1.7088143825531006,0.40970635414123535,0.389601469039917,0.33374834060668945,0.29991626739501953,0.11431637470159828,0.23976059560611987,1.2991080284118652,180,150,30,1,1,2010-10-20
149,4.189491271972656,378.223472237587,2.5384125653529326,2.5406577587127686,0.6616570908424548,2.1798598766326904,2.824608564376831,15,4.969193008169321,125,1.7088143825531006,13.527387857437134,0.10821910285949707,0.06734013557434082,0.1677406990088416,0.033297061920166016,0.1299421787261963,13,4.263561878802744,1.7088143825531006,0.42884016036987305,0.389601469039917,0.33374834060668945,0.29991626739501953,0.1263225687443879,0.2509577194271696,1.2799742221832275,180,150,30,1,1,2010-10-27
149,4.325080394744873,389.12416779994965,2.6115715959728165,2.5584781169891357,0.7450836542146989,2.1798598766326904,2.969036340713501,15,4.96284158291585,118,1.7088143825531006,12.121397495269775,0.10272370758703199,0.06867730617523193,0.16825191884540755,0.033348917961120605,0.12027215957641602,12,4.195948233457604,1.7088143825531006,0.389601469039917,0.33374834060668945,0.3294029235839844,0.29853177070617676,0.14097503057877148,0.22799519539262206,1.3192129135131836,180,150,30,1,1,2010-11-03
149,4.670834064483643,403.79564893245697,2.710037912298369,2.591850996017456,0.8430263266902907,2.1798598766326904,3.1272764205932617,15,4.955496592825534,110,1.7088143825531006,12.607993364334106,0.11461812149394643,0.07216274738311768,0.17643321848015864,0.03527706861495972,0.15352994203567505,11,4.137280702581594,1.7088143825531006,0.389601469039917,0.33374834060668945,0.3294029235839844,0.32686805725097656,0.1355342070045063,0.22799519539262206,1.3192129135131836,180,150,30,1,1,2010-11-10
149,4.6010942459106445,418.91421043872833,2.8115047680451566,2.64498233795166,0.8983042659444845,2.2014834880828857,3.343407154083252,15,4.952212549002457,109,1.7088143825531006,11.699889659881592,0.10733843724662011,0.069427490234375,0.17528346202961018,0.03229045867919922,0.1296391487121582,11,4.096149083663907,1.7088143825531006,0.389601469039917,0.3676877021789551,0.33374834060668945,0.29106760025024414,0.14605388873132283,0.22799519539262206,1.3192129135131836,180,150,30,1,1,2010-11-17
149,4.6010942459106445,429.9082466363907,2.8852902458818166,2.73673939704895,0.9226395633377781,2.2014834880828857,3.851815700531006,15,4.951194179472913,100,1.7088143825531006,11.775445222854614,0.11775445222854614,0.07216274738311768,0.18404601376456195,0.033045411109924316,0.152305006980896,10,4.022200457993787,1.7088143825531006,0.389601469039917,0.3838319778442383,0.3676877021789551,0.33374834060668945,0.14511675356754353,0.22799519539262206,1.3192129135131836,180,150,30,1,1,2010-11-24
