date,y_true,normal_pred,tda_pred,normal_abs_error,tda_abs_error,abs_error_diff_tda_minus_normal,tda_error_improved
2010-03-19,1.1551277777777778,1.093604137617865,1.1392651557586946,0.06152364015991285,0.015862622019083172,-0.04566101814082968,True
2010-03-20,0.5678103448275862,1.4577535015244432,1.3401621178392624,0.889943156696857,0.7723517730116762,-0.11759138368518074,True
2010-03-21,1.4771046698872787,1.044836214468228,0.99766030283199,0.4322684554190508,0.4794443670552887,0.04717591163623791,False
2010-03-22,1.1240208333333332,1.1441802350201271,1.1135720227465065,0.020159401686793865,0.010448810586826784,-0.00971059109996708,True
2010-03-23,1.265390277777778,1.0467594486170002,1.0398992117582395,0.2186308291607777,0.2254910660195384,0.006860236858760693,False
2010-03-24,1.3852444444444445,1.2510215994472906,1.2401787528662684,0.13422284499715387,0.14506569157817606,0.010842846581022192,False
2010-03-25,1.166586111111111,1.1986113707025576,1.1984069826091526,0.03202525959144653,0.03182087149804147,-0.00020438809340506126,True
2010-03-26,1.146725,1.1360333140604097,1.1846448009764705,0.010691685939590245,0.03791980097647052,0.027228115036880274,False
2010-03-27,1.2833125,1.4006922250621592,1.339638211554892,0.1173797250621591,0.056325711554891855,-0.061054013507267246,True
2010-03-28,1.2487597222222222,1.2802745644817826,1.2399826652468209,0.03151484225956036,0.00877705697540132,-0.02273778528415904,True
2010-03-29,1.126901388888889,1.111953061700687,1.1096130162082465,0.014948327188202049,0.01728837268064254,0.00234004549244049,False
2010-03-30,1.3239263888888888,1.1727215455059812,1.1616806799388368,0.15120484338290763,0.16224570895005197,0.011040865567144342,False
2010-03-31,1.3359736111111111,1.2292913902448879,1.2203148584282193,0.10668222086622325,0.11565875268289183,0.008976531816668576,False
2010-04-01,1.1718333333333333,1.1323395853629032,1.1423889259503708,0.03949374797043004,0.0294444073829625,-0.010049340587467537,True
2010-04-02,1.1448763888888889,1.1886860120881975,1.1905296412420663,0.04380962319930859,0.04565325235317741,0.0018436291538688199,False
2010-04-03,1.2536652777777777,1.3411811431124876,1.278569671213733,0.0875158653347099,0.024904393435955408,-0.06261147189875449,True
2010-04-04,1.1738805555555556,1.1089777870859767,1.1671024773838057,0.06490276846957888,0.006778078171749913,-0.05812469029782896,True
2010-04-05,0.7769583333333333,1.0015656045167474,1.0191989714162444,0.22460727118341406,0.24224063808291108,0.017633366899497016,False
2010-04-06,1.267952777777778,1.076046896477147,1.0382152593609728,0.1919058813006309,0.22973751841680512,0.03783163711617421,False
2010-04-07,1.1090152777777778,1.2074959683385575,1.2254836950567847,0.0984806905607798,0.11646841727900692,0.017987726718227126,False
2010-04-08,1.1452916666666666,1.02710205990185,1.0601321996001885,0.11818960676481649,0.08515946706647815,-0.033030139698338346,True
2010-04-09,0.8564930555555554,1.0978230619639262,1.1400984762778965,0.24133000640837077,0.2836054207223411,0.042275414313970305,False
2010-04-10,0.8265333333333333,1.181247620443152,1.1344148524499302,0.35471428710981856,0.3078815191165969,-0.04683276799322167,True
2010-04-11,1.1138359972202918,1.0773770929462623,1.0425950842148006,0.036458904274029535,0.07124091300549118,0.034782008731461644,False
2010-04-12,0.9996013888888888,0.9387537908111581,0.9677539236240379,0.06084759807773077,0.03184746526485094,-0.02900013281287983,True
2010-04-13,1.0504888888888888,1.0839510025824184,1.1183451717658952,0.03346211369352958,0.0678562828770064,0.03439416918347682,False
2010-04-14,1.1530305555555556,1.038053274253952,1.0620803430058747,0.11497728130160345,0.09095021254968083,-0.02402706875192262,True
2010-04-15,1.3001236111111112,0.9913645994456155,1.0190089044567878,0.3087590116654957,0.28111470665432337,-0.02764430501117232,True
2010-04-16,1.0847652777777776,1.0179996306290817,1.0159377598771906,0.06676564714869593,0.06882751790058705,0.002061870751891126,False
2010-04-17,1.0817444444444444,1.2242058840261205,1.181891752608514,0.14246143958167612,0.10014730816406958,-0.04231413141760654,True
2010-04-18,1.0250736111111112,1.1325906341671028,1.14866545227454,0.10751702305599165,0.12359184116342892,0.016074818107437272,False
2010-04-19,1.186523611111111,0.9304675472968559,0.9547857786182014,0.25605606381425516,0.2317378324929097,-0.024318231321345474,True
2010-04-20,1.2733527777777778,1.0257632961893468,1.061164835703743,0.24758948158843097,0.21218794207403469,-0.035401539514396285,True
2010-04-21,1.0971625,1.0637394983772481,1.1038191337728078,0.03342300162275191,0.006656633772807785,-0.026766367849944128,True
2010-04-22,1.0145166666666667,1.0912335667871766,1.1016087810824944,0.07671690012050991,0.08709211441582765,0.010375214295317736,False
2010-04-23,0.8198166666666667,1.0526855707150964,1.068426109499249,0.23286890404842964,0.24860944283258235,0.015740538784152713,False
2010-04-24,1.0544569444444443,1.098902176575679,1.055893880730314,0.044445232131234746,0.0014369362858697166,-0.04300829584536503,True
2010-04-25,1.071348611111111,1.0368757962250597,1.0758102016419826,0.03447281488605136,0.004461590530871584,-0.030011224355179777,True
2010-04-26,0.751886111111111,0.9602311383773808,0.9944698157124251,0.2083450272662698,0.24258370460131407,0.034238677335044265,False
2010-04-27,0.8687083333333334,0.9165569583055636,0.9158770548591849,0.04784862497223019,0.0471687215258515,-0.0006799034463786935,True
2010-04-28,0.6026791666666667,0.9167360455549922,0.9195588718096057,0.31405687888832556,0.31687970514293906,0.0028228262546134975,False
2010-04-29,0.7664749999999999,0.8374833452771407,0.8437343091874809,0.07100834527714084,0.07725930918748103,0.00625096391034019,False
2010-04-30,0.776825,0.8436722877313331,0.835140832168731,0.06684728773133308,0.05831583216873104,-0.008531455562602042,True
2010-05-01,0.9167763888888888,0.9667240993853837,0.9391885997528051,0.049947710496494935,0.022412210863916315,-0.02753549963257862,True
2010-05-02,1.5193819444444443,0.9647296395182837,0.9636871770776732,0.5546523049261606,0.5556947673667711,0.0010424624406105698,False
2010-05-03,0.9800708333333332,1.032686438405855,1.059265758773297,0.05261560507252172,0.07919492543996376,0.02657932036744204,False
2010-05-04,1.0534444444444444,1.038212782334864,1.0359638459705915,0.01523166210958049,0.01748059847385286,0.002248936364272369,False
2010-05-05,1.253686111111111,1.0460145507552774,1.0514623455625776,0.20767156035583367,0.2022237655485335,-0.005447794807300177,True
2010-05-06,0.9022569444444445,0.9808043078632233,0.9748130724875901,0.07854736341877877,0.0725561280431456,-0.005991235375633175,True
2010-05-07,1.1416694444444444,0.9761433058644282,0.9635166335471406,0.1655261385800162,0.17815281089730384,0.012626672317287646,False
2010-05-08,1.0648763888888888,1.208300093419041,1.1842653153775122,0.1434237045301523,0.11938892648862343,-0.02403477804152887,True
2010-05-09,1.0878541666666666,1.187114045200152,1.203755315187861,0.0992598785334855,0.11590114852119449,0.016641269987708984,False
2010-05-10,1.0193694444444446,0.9563961033744104,0.9776388473882943,0.06297334107003416,0.04173059705615023,-0.02124274401388393,True
2010-05-11,1.0912277777777777,1.0084069465703662,1.005327630210935,0.08282083120741146,0.08590014756684261,0.00307931635943115,False
2010-05-12,1.4134847222222222,1.0602933133753054,1.069388735074737,0.3531914088469168,0.3440959871474851,-0.009095421699431672,True
2010-05-13,1.0788714384989577,0.982790859930095,1.0251055542189744,0.09608057856886276,0.0537658842799833,-0.04231469428887946,True
2010-05-14,1.1959347222222223,1.0613828638417893,1.0983167962673643,0.13455185838043304,0.09761792595485796,-0.03693393242557508,True
2010-05-15,1.3505361111111112,1.1969217240533427,1.227844900600706,0.15361438705776842,0.12269121051040521,-0.030923176547363207,True
2010-05-16,1.4586291666666666,1.1904239067412177,1.2842316228529316,0.26820525992544897,0.17439754381373507,-0.0938077161117139,True
2010-05-17,1.1306819444444445,1.0864503027005272,1.1241342515915898,0.04423164174391725,0.006547692852854725,-0.037683948891062524,True
2010-05-18,0.9869333333333333,1.1047096128045466,1.1443963799986767,0.11777627947121327,0.1574630466653434,0.03968676719413011,False
2010-05-19,0.9908,1.2364346997136713,1.2776220971467507,0.24563469971367125,0.28682209714675067,0.04118739743307942,False
2010-05-20,0.8013180555555555,1.0724053082343372,1.098864933334127,0.27108725267878175,0.2975468777785715,0.02645962509978972,False
2010-05-21,0.898886111111111,1.0606411370639435,1.0610730030948112,0.16175502595283242,0.16218689198370018,0.00043186603086775577,False
2010-05-22,1.4553972222222222,1.1640897700969142,1.167642293253306,0.29130745212530806,0.2877549289689163,-0.0035525231563917625,True
2010-05-23,1.033025,1.1600931538348542,1.1994891773577694,0.12706815383485415,0.1664641773577693,0.03939602352291516,False
2010-05-24,0.9314805555555556,0.9839505602379209,0.9934566001330274,0.05247000468236529,0.061976044577471745,0.009506039895106455,False
2010-05-25,0.8323791666666667,0.980199995268581,1.0017139743780286,0.14782082860191437,0.1693348077113619,0.021513979109447523,False
2010-05-26,0.9638083333333334,0.9598123303707826,0.9622453023071843,0.00399600296255076,0.0015630310261490754,-0.0024329719364016844,True
2010-05-27,0.9189875000000001,0.9705839923054881,0.980079043646765,0.05159649230548802,0.061091543646764945,0.009495051341276928,False
2010-05-28,0.9709472222222222,0.9738921631601527,0.9574872565631912,0.002944940937930518,0.013459965659030959,0.010515024721100441,False
2010-05-29,1.4234777777777778,1.164546721617398,1.1892865260116645,0.2589310561603799,0.23419125176611333,-0.024739804394266596,True
2010-05-30,1.1567361111111112,1.1435263516575362,1.1705880640906419,0.013209759453574943,0.01385195297953068,0.0006421935259557365,False
2010-05-31,0.9308763888888889,0.9425930065125937,0.9555641359711663,0.011716617623704795,0.02468774708227739,0.012971129458572594,False
2010-06-01,0.8812249999999999,0.9821599406667955,1.0145081400762732,0.10093494066679554,0.1332831400762733,0.03234819940947775,False
2010-06-02,0.6811791666666667,0.9778167338430127,1.0026076206887142,0.29663756717634604,0.32142845402204756,0.02479088684570152,False
2010-06-03,0.9681847222222222,0.8546339768570571,0.8834003606664973,0.11355074536516507,0.08478436155572489,-0.028766383809440188,True
2010-06-04,0.9864958333333333,0.9635214226146932,0.9733101534218656,0.022974410718640148,0.013185679911467796,-0.009788730807172352,True
2010-06-05,1.3955861111111112,1.1713174305355027,1.2056323975205976,0.22426868057560845,0.1899537135905136,-0.03431496698509484,True
2010-06-06,1.21305,1.149141748096014,1.1577525036477634,0.06390825190398597,0.055297496352236575,-0.008610755551749394,True
2010-06-07,0.7028347222222222,0.8933760614593212,0.9557934045981492,0.19054133923709904,0.252958682375927,0.06241734313882796,False
2010-06-08,0.9458569444444446,0.9266044005789036,0.9828666581156446,0.019252543865540983,0.037009713671199984,0.017757169805659,False
2010-06-09,1.065751388888889,1.000973195259462,1.029588394967813,0.06477819362942694,0.036162993921075914,-0.028615199708351025,True
2010-06-10,0.8438819444444445,0.9481436090208233,0.9754602816572417,0.10426166457637875,0.13157833721279721,0.02731667263641846,False
2010-06-11,1.0213,0.9781715639059262,0.9926509047909198,0.04312843609407391,0.028649095209080322,-0.014479340884993586,True
2010-06-12,1.371166087560806,1.2283054944399545,1.2712600098466948,0.14286059312085153,0.0999060777141112,-0.042954515406740335,True
2010-06-13,1.1627472222222222,1.1147809918394707,1.154604304501372,0.047966230382751496,0.008142917720850074,-0.03982331266190142,True
2010-06-14,0.8458222222222221,0.9177301875463427,0.9559616147360449,0.07190796532412058,0.11013939251382276,0.03823142718970218,False
2010-06-15,0.8499763888888888,0.9863012353055843,1.039041713142992,0.1363248464166955,0.18906532425410327,0.05274047783740776,False
2010-06-16,1.2278416666666667,0.994252406663045,1.0414436721826918,0.23358926000362168,0.18639799448397487,-0.04719126551964681,True
2010-06-17,0.7139013888888889,0.976934244550352,0.9953492746451904,0.26303285566146317,0.28144788575630153,0.01841503009483836,False
2010-06-18,0.9252194444444445,0.9356818440144972,0.9763695988334842,0.010462399570052683,0.05115015438903969,0.04068775481898701,False
2010-06-19,0.9834861111111112,1.0592151042851963,1.1177305101199062,0.0757289931740851,0.13424439900879503,0.05851540583470993,False
2010-06-20,1.1614930555555556,1.1384223404294844,1.1664416276143241,0.023070715126071173,0.00494857205876853,-0.018122143067302643,True
2010-06-21,1.1533958333333334,0.9107572344966403,0.9427854703245706,0.24263859883669314,0.2106103630087628,-0.03202823582793035,True
2010-06-22,1.055963888888889,0.9599963895283906,0.992482222702029,0.09596749936049831,0.06348166618685991,-0.0324858331736384,True
2010-06-23,1.0014333333333334,1.0788155519097395,1.1375832599167952,0.07738221857640615,0.1361499265834618,0.05876770800705566,False
2010-06-24,0.7609583333333333,0.9655314025218831,1.007807246871478,0.20457306918854978,0.24684891353814475,0.04227584434959497,False
2010-06-25,0.7634986111111112,0.9333266905476155,0.9670643145076626,0.16982807943650435,0.20356570339655145,0.03373762396004709,False
2010-06-26,0.6816805555555555,1.0212005801164243,1.0245828063787175,0.3395200245608688,0.34290225082316195,0.00338222626229312,False
2010-06-27,0.7916416666666666,0.9485155103544868,0.9675996221713807,0.1568738436878202,0.17595795550471416,0.019084111816893956,False
2010-06-28,1.021763888888889,0.778246207991109,0.8176016227799698,0.24351768089777992,0.20416226610891908,-0.03935541478886084,True
2010-06-29,0.9501709520500348,0.95449156900875,0.9616112023014125,0.004320616958715218,0.011440250251377737,0.007119633292662519,False
2010-06-30,0.9612055555555555,0.98794753952326,1.013989785862522,0.02674198396770444,0.05278423030696644,0.026042246339262,False
2010-07-01,0.9368069444444445,0.8965645825571371,0.9266466578205721,0.04024236188730734,0.010160286623872361,-0.030082075263434982,True
2010-07-02,0.7923111111111112,0.829207131197293,0.8537351608108752,0.03689602008618176,0.061424049699764005,0.024528029613582247,False
2010-07-03,0.7778291666666667,0.8546371864146743,0.8719596689555688,0.07680801974800766,0.09413050228890207,0.017322482540894413,False
2010-07-04,1.0681166666666666,0.8630825235255811,0.8882681955205479,0.20503414314108548,0.17984847114611868,-0.025185671994966796,True
2010-07-05,0.7736041666666666,0.907206410368944,0.9412527209924647,0.13360224370227736,0.16764855432579806,0.034046310623520704,False
2010-07-06,0.6985652777777778,0.8623460825449479,0.8831522182458359,0.16378080476717016,0.18458694046805812,0.020806135700887962,False
2010-07-07,0.5797138888888889,0.801245118355648,0.8598500880446743,0.22153122946675918,0.28013619915578547,0.05860496968902629,False
2010-07-08,0.8421194444444444,0.6845734792217505,0.7212329267363552,0.15754596522269393,0.12088651770808923,-0.036659447514604704,True
2010-07-09,0.7524152777777778,0.7285629760934272,0.7702953505639187,0.023852301684350596,0.0178800727861409,-0.005972228898209697,True
2010-07-10,0.8017388888888888,0.7372902397644875,0.8136011769863853,0.06444864912440129,0.011862288097496565,-0.05258636102690473,True
2010-07-11,0.8288694444444445,0.8820767556807154,0.9311037694917297,0.05320731123627087,0.10223432504728514,0.049027013811014264,False
2010-07-12,0.7705375000000001,0.822332656467619,0.8489650218712478,0.0517951564676189,0.07842752187124769,0.026632365403628788,False
2010-07-13,0.9598013888888889,0.7405673600506627,0.7666207116359998,0.21923402883822618,0.19318067725288912,-0.02605335158533706,True
2010-07-14,0.9788,0.8043773232757334,0.8083620975799725,0.1744226767242666,0.17043790242002754,-0.003984774304239047,True
2010-07-15,1.134928422515636,0.7997375815628406,0.800372083957952,0.3351908409527954,0.33455633855768396,-0.0006345023951114248,True
2010-07-16,0.5694833333333333,0.88637061611121,0.9174901026691543,0.3168872827778767,0.348006769335821,0.031119486557944276,False
2010-07-17,0.5599666666666666,0.8594383204902436,0.8596696152739131,0.299471653823577,0.29970294860724644,0.00023129478366945566,False
2010-07-18,0.5639152777777778,0.7649049893276564,0.8386653926614085,0.20098971154987855,0.27475011488363066,0.07376040333375211,False
2010-07-19,0.5563597222222222,0.6350571663969061,0.7103219450211204,0.07869744417468394,0.15396222279889826,0.07526477862421432,False
2010-07-20,0.5943222222222222,0.7163986233527017,0.7483227576145932,0.12207640113047946,0.15400053539237102,0.03192413426189156,False
2010-07-21,0.7390041666666666,0.7212179095082822,0.7455540436202073,0.017786257158384333,0.006549876953540701,-0.011236380204843632,True
2010-07-22,0.8086430555555555,0.7714662456227229,0.7824205774495901,0.037176809932832566,0.02622247810596534,-0.010954331826867225,True
2010-07-23,0.8167763888888888,0.7798537633131349,0.7730312164784493,0.036922625575753876,0.043745172410439515,0.006822546834685639,False
2010-07-24,0.6400472222222222,0.8337911231780156,0.8538375770739822,0.1937439009557934,0.21379035485176,0.0200464538959666,False
2010-07-25,0.7850069444444445,0.7948151655734055,0.8010889618496032,0.009808221128960959,0.01608201740515869,0.0062737962761977295,False
2010-07-26,0.6139930555555555,0.6995223316397841,0.7164376751136626,0.08552927608422856,0.10244461955810713,0.016915343473878575,False
2010-07-27,0.6613611111111111,0.7381993840400081,0.755444179499658,0.076838272928897,0.09408306838854696,0.017244795459649964,False
2010-07-28,0.5990652777777777,0.7020085324717126,0.7180217859224681,0.10294325469393484,0.11895650814469039,0.01601325345075555,False
2010-07-29,0.38132222222222223,0.6506408725954005,0.656412473828672,0.26931865037317826,0.27509025160644973,0.005771601233271473,False
2010-07-30,0.38281944444444443,0.4396055235413476,0.45886317499731816,0.05678607909690314,0.07604373055287372,0.01925765145597058,False
2010-07-31,0.38515,0.43044195672614644,0.4892650236321931,0.04529195672614644,0.1041150236321931,0.05882306690604666,False
2010-08-01,0.38587777777777776,0.4544469862861779,0.4999782185938688,0.06856920850840015,0.11410044081609105,0.045531232307690905,False
2010-08-02,0.38158472222222223,0.5017060059553263,0.46713718578080105,0.1201212837331041,0.08555246355857882,-0.03456882017452528,True
2010-08-03,0.42723055555555556,0.4164793376382579,0.4642197300619952,0.010751217917297662,0.036989174506439626,0.026237956589141964,False
2010-08-04,0.37733055555555556,0.5576445693529686,0.5869476499967811,0.18031401379741302,0.2096170944412255,0.029303080643812485,False
2010-08-05,0.37046944444444446,0.45395328185382344,0.4574637924557206,0.08348383740937898,0.08699434801127615,0.0035105106018971655,False
2010-08-06,0.36440694444444444,0.46103066902242407,0.45746887410847276,0.09662372457797963,0.09306192966402832,-0.0035617949139513105,True
2010-08-07,0.36630277777777775,0.40714511208188914,0.4899858357833041,0.04084233430411138,0.12368305800552637,0.08284072370141499,False
2010-08-08,0.3669861111111111,0.45814570681976935,0.480122273985385,0.09115959570865823,0.11313616287427386,0.021976567165615635,False
2010-08-09,0.3715722222222222,0.43009841781123376,0.47956631356168444,0.058526195589011565,0.10799409133946225,0.049467895750450686,False
2010-08-10,0.3783041666666667,0.4108496617420308,0.4668743510209773,0.032545495075364084,0.08857018435431058,0.05602468927894649,False
2010-08-11,0.3763902777777777,0.4218548733126691,0.4801617838050536,0.04546459553489135,0.10377150602727586,0.05830691049238451,False
2010-08-12,0.3678458333333333,0.43284495905826287,0.4831900958060154,0.06499912572492955,0.11534426247268209,0.05034513674775254,False
2010-08-13,0.37103749999999996,0.42130307527693817,0.48118264066259925,0.0502655752769382,0.11014514066259928,0.05987956538566108,False
2010-08-14,0.3849097222222222,0.4272547981084932,0.5031058374711076,0.04234507588627101,0.1181961152488854,0.07585103936261439,False
2010-08-15,0.7333236111111112,0.4552363507959297,0.5076197978223089,0.2780872603151815,0.2257038132888023,-0.052383447026379204,True
2010-08-16,0.7845347222222222,0.6353317113080776,0.6867221013853674,0.14920301091414456,0.09781262083685482,-0.05139039007728974,True
2010-08-17,0.775120443740095,0.7101659107757907,0.7755941802201484,0.06495453296430431,0.0004737364800533328,-0.06448079648425098,True
2010-08-18,0.7429095128868128,0.7501553691626132,0.7752292452456042,0.007245856275800322,0.032319732358791375,0.025073876082991053,False
2010-08-19,0.7106985820335306,0.761145454908207,0.77324995545597,0.05044687287467631,0.06255137342243933,0.01210450054776302,False
2010-08-20,0.6784876511802486,0.756062250573558,0.7740319140576107,0.07757459939330946,0.09554426287736217,0.01796966348405271,False
2010-08-21,0.6462767203269664,0.7944897399436993,0.8087822212674863,0.14821301961673294,0.16250550094051996,0.01429248132378702,False
2010-08-22,0.6140657894736842,0.7878936600535328,0.7758191872950913,0.1738278705798486,0.16175339782140707,-0.012074472758441535,True
2010-08-23,0.5317069444444444,0.6378719390870478,0.6877755589081892,0.10616499464260332,0.15606861446374476,0.04990361982114144,False
2010-08-24,0.5020472222222222,0.6725449106049541,0.6913903170207167,0.17049768838273194,0.18934309479849454,0.0188454064157626,False
2010-08-25,0.6808388888888889,0.6388250403395815,0.6640988175594754,0.04201384854930734,0.016740071329413464,-0.025273777219893878,True
2010-08-26,0.5258694444444444,0.6208990157685111,0.6812025441194076,0.09502957132406675,0.15533309967496323,0.060303528350896474,False
2010-08-27,1.4101736111111112,0.6484167617734868,0.6845065474092186,0.7617568493376243,0.7256670637018926,-0.03608978563573173,True
2010-08-28,1.0019833333333332,0.7891266063628803,0.8918144736711239,0.21285672697045288,0.11016885966220935,-0.10268786730824353,True
2010-08-29,1.1586666666666667,0.8102428388585161,0.8609235654116997,0.3484238278081506,0.29774310125496706,-0.050680726553183564,True
2010-08-30,1.0380569444444443,0.8312980846072164,0.8912605283153362,0.20675885983722786,0.1467964161291081,-0.05996244370811976,True
2010-08-31,0.9479902777777778,0.8885162232793282,0.9387110752351739,0.05947405449844956,0.009279202542603837,-0.05019485195584572,True
2010-09-01,1.1064708333333333,0.9557797089939831,0.9810272391866421,0.15069112433935017,0.12544359414669115,-0.025247530192659018,True
2010-09-02,0.9670083333333334,0.9347529994135825,0.9587152959479727,0.032255333919750884,0.008293037385360691,-0.023962296534390193,True
2010-09-03,0.9350097222222222,1.0915837501278125,1.1174276217982428,0.15657402790559027,0.18241789957602061,0.02584387167043034,False
2010-09-04,1.2109999999999999,1.0792130218826121,1.1158103516853415,0.1317869781173877,0.09518964831465837,-0.03659732980272934,True
2010-09-05,0.9187625,1.208666005637875,1.217474533055618,0.28990350563787504,0.298712033055618,0.008808527417742962,False
2010-09-06,0.9881083333333334,0.8811759371952793,0.9016778971784899,0.10693239613805405,0.08643043615484347,-0.020501959983210583,True
2010-09-07,1.0082319444444445,1.0415097966036173,1.0848600365709762,0.03327785215917278,0.07662809212653166,0.04335023996735887,False
2010-09-08,0.9054249999999999,0.9596358749244824,0.9831651608554249,0.05421087492448251,0.07774016085542501,0.0235292859309425,False
2010-09-09,0.8602180555555555,0.9216622259214026,0.9491144320629262,0.06144417036584704,0.0888963765073707,0.02745220614152366,False
2010-09-10,0.9222972222222222,0.9733790937753486,1.0045070695916396,0.05108187155312638,0.08220984736941739,0.03112797581629101,False
2010-09-11,1.0161875,0.9664785046420352,0.9860583358935704,0.0497089953579648,0.03012916410642963,-0.019579831251535174,True
2010-09-12,1.1195083333333333,1.0205318824631293,1.006271519251351,0.09897645087020401,0.11323681408198238,0.01426036321177837,False
2010-09-13,0.7474444444444444,0.9260468296303851,0.9548938070592097,0.17860238518594074,0.20744936261476532,0.028846977428824583,False
2010-09-14,0.993526388888889,0.8967640535274917,0.9038658738844265,0.09676233536139733,0.08966051500446248,-0.0071018203569348515,True
2010-09-15,0.6847875,0.9978697748477683,0.9691651448325066,0.3130822748477683,0.2843776448325066,-0.02870463001526169,True
2010-09-16,0.9303736111111112,0.8766251590640082,0.8830389734078837,0.05374845204710299,0.047334637703227433,-0.006413814343875557,True
2010-09-17,1.0400055555555556,0.9593731958830289,0.9835973763105892,0.08063235967252669,0.05640817924496644,-0.02422418042756025,True
2010-09-18,0.8666291666666666,1.101784813839408,1.1379474108283159,0.2351556471727414,0.2713182441616493,0.03616259698890789,False
2010-09-19,0.6386111111111111,0.9758484138649907,0.9705967851618486,0.33723730275387953,0.3319856740507374,-0.005251628703142108,True
2010-09-20,1.1686333333333334,0.825098844465046,0.8888522408010705,0.3435344888682874,0.2797810925322629,-0.0637533963360245,True
2010-09-21,0.7717888888888889,0.9915848223409208,1.0256346723924747,0.21979593345203197,0.2538457835035859,0.03404985005155392,False
2010-09-22,1.0488847222222222,0.8608194309544855,0.8910676570332186,0.18806529126773663,0.15781706518900362,-0.03024822607873301,True
2010-09-23,1.0068486111111112,1.0477375294352431,1.0781316383399235,0.040888918324131884,0.0712830272288123,0.030394108904680417,False
2010-09-24,0.9222166666666667,1.0045036380850734,1.0276427009835563,0.08228697141840668,0.10542603431688957,0.023139062898482887,False
2010-09-25,0.4491779661016949,1.076665195932009,1.1001151421434407,0.6274872298303141,0.6509371760417458,0.023449946211431705,False
2010-09-26,0.8458236382605957,0.8940825782989787,0.9470611836870432,0.04825894003838305,0.10123754542644747,0.052978605388064426,False
2010-09-27,1.2424693104194964,0.9283211749588358,0.8791171863592638,0.31414813546066056,0.36335212406023254,0.04920398859957198,False
2010-09-28,1.6391149825783973,0.9734394688851363,0.9868168839835818,0.665675513693261,0.6522980985948155,-0.013377415098445478,True
2010-09-29,1.1697402777777777,0.9896839134006299,1.0118929892418997,0.18005636437714778,0.15784728853587793,-0.022209075841269854,True
2010-09-30,0.8668597222222222,1.008123493521563,1.0238564559986056,0.14126377129934087,0.15699673377638346,0.01573296247704259,False
2010-10-01,1.045013888888889,0.9999382222136551,1.0266432179822191,0.04507566667523377,0.018370670906669773,-0.026704995768564,True
2010-10-02,1.3355930555555555,1.1669560906108207,1.1699772886177848,0.1686369649447348,0.1656157669377707,-0.0030211980069640987,True
2010-10-03,1.2713083333333333,1.1904251776855725,1.2728867361818583,0.08088315564776072,0.0015784028485250623,-0.07930475279923566,True
2010-10-04,1.2333055555555557,1.1024251700759533,1.1278270374626502,0.13088038547960235,0.10547851809290543,-0.02540186738669692,True
2010-10-05,1.2879333333333334,1.2186955700216202,1.241618007815691,0.06923776331171316,0.04631532551764228,-0.022922437794070882,True
2010-10-06,0.913511111111111,1.1841185101784875,1.2256005095927682,0.2706073990673764,0.3120893984816572,0.04148199941428077,False
2010-10-07,1.2569124999999999,1.0532621936492474,1.071648149365905,0.20365030635075243,0.18526435063409497,-0.018385955716657465,True
2010-10-08,1.0489277777777777,1.1508811519040456,1.18580435247364,0.10195337412626793,0.13687657469586223,0.034923200569594304,False
2010-10-09,1.1192916666666666,1.3340857504726924,1.3350442970552854,0.21479408380602583,0.2157526303886188,0.0009585465825929784,False
2010-10-10,1.3881277777777778,1.2776239500388538,1.37169794908926,0.11050382773892409,0.016429828688517834,-0.09407399905040625,True
2010-10-11,1.126798611111111,1.1058349966633918,1.1487583606559895,0.020963614447719214,0.02195974954487845,0.0009961350971592342,False
2010-10-12,1.0970083333333334,1.2497754306452744,1.2658816225464606,0.15276709731194105,0.16887328921312728,0.01610619190118623,False
2010-10-13,1.4401986111111111,1.1138267935047925,1.1319394186156564,0.3263718176063186,0.30825919249545475,-0.018112625110863867,True
2010-10-14,1.482723611111111,1.1442952295722828,1.155556696949903,0.33842838153882826,0.32716691416120813,-0.011261467377620127,True
2010-10-15,1.1085583333333333,1.1358128036075898,1.1255589218539683,0.027254470274256537,0.017000588520635018,-0.010253881753621519,True
2010-10-16,0.6944541666666667,1.236543609518326,1.3725889169080447,0.5420894428516593,0.678134750241378,0.13604530738971876,False
2010-10-17,0.7273486111111112,1.208941032507624,1.2771825489214492,0.4815924213965128,0.5498339378103381,0.06824151641382525,False
2010-10-18,1.8846416666666668,0.8425456463219452,0.9158276399365773,1.0420960203447216,0.9688140267300894,-0.07328199361463217,True
2010-10-19,1.3374847222222224,1.1700364792022304,1.1272227442604736,0.16744824301999195,0.21026197796174873,0.042813734941756776,False
2010-10-20,1.199975,1.0718674499499214,1.0782447312282586,0.12810755005007857,0.12173026877174142,-0.0063772812783371435,True
2010-10-21,0.9411097222222223,1.3222379710845271,1.2251575309487808,0.3811282488623048,0.28404780872655844,-0.09708044013574635,True
2010-10-22,1.1589527777777777,1.0511579096513755,1.0378449374145462,0.10779486812640227,0.12110784036323152,0.013312972236829257,False
2010-10-23,1.592525,1.268263648092537,1.244294459333197,0.32426135190746286,0.3482305406668029,0.023969188759340065,False
2010-10-24,1.661256428075052,1.365378586081427,1.279685442264527,0.295877841993625,0.38157098581052495,0.08569314381689996,False
2010-10-25,0.8078416666666666,1.1416790901521976,1.1420432755743888,0.333837423485531,0.3342016089077222,0.00036418542219118777,False
2010-10-26,0.6568777777777778,1.083785727989549,1.0862555237115152,0.4269079502117713,0.42937774593373745,0.0024697957219661504,False
2010-10-27,0.8751930555555556,0.8819090545929135,0.9172181599159064,0.006715999037357867,0.042025104360350785,0.03530910532299292,False
2010-10-28,1.0161986111111112,1.056676168515798,1.0385834474444542,0.040477557404686726,0.022384836333342983,-0.018092721071343743,True
2010-10-29,0.8364041666666667,1.123698419014263,1.1038974594138349,0.2872942523475962,0.26749329274716815,-0.019800959600428047,True
2010-10-30,1.4949305555555554,1.1114711518934934,1.1140934927204995,0.383459403662062,0.3808370628350559,-0.0026223408270060755,True
2010-10-31,1.025298611111111,1.1322960506401476,1.1662546851521607,0.10699743952903651,0.1409560740410496,0.033958634512013086,False
2010-11-01,0.9605416666666667,1.1015869830533627,1.0227339917975151,0.14104531638669593,0.06219232513084838,-0.07885299125584755,True
2010-11-02,0.8271402777777779,1.0925713064889622,1.0349278859266462,0.2654310287111843,0.20778760814886832,-0.05764342056231597,True
2010-11-03,0.8981236111111112,1.0224671878487208,1.0362490496236105,0.12434357673760965,0.13812543851249937,0.013781861774889714,False
2010-11-04,1.7744069444444446,0.9097146339739125,0.9186476210979346,0.8646923104705321,0.85575932334651,-0.00893298712402213,True
2010-11-05,1.2056166666666666,1.1243624265197982,1.0816140225138167,0.08125424014686833,0.1240026441528499,0.042748404005981566,False
2010-11-06,1.2537555555555555,1.44310473662949,1.3652127362996094,0.1893491810739345,0.11145718074405386,-0.07789200032988064,True
2010-11-07,1.1623722222222221,1.3797458121774688,1.317431899542862,0.2173735899552467,0.15505967732063985,-0.06231391263460684,True
2010-11-08,1.2677361111111112,1.11660138023245,1.111417213603991,0.15113473087866125,0.15631889750712014,0.005184166628458886,False
2010-11-09,1.4042347222222222,1.2194825980499062,1.2079408128090092,0.184752124172316,0.196293909413213,0.011541785240896996,False
2010-11-10,1.3517597222222224,1.2245108492633587,1.1776306204227107,0.12724887295886367,0.1741291017995117,0.04688022884064802,False
2010-11-11,1.231661111111111,1.2878419279224573,1.2557992139356804,0.056180816811346235,0.024138102824569296,-0.03204271398677694,True
2010-11-12,1.2755708333333333,1.3083071281055978,1.2872459665207863,0.032736294772264474,0.011675133187452946,-0.021061161584811527,True
2010-11-13,1.4049819444444445,1.4600678146721078,1.4111439533236432,0.055085870227663314,0.00616200887919871,-0.0489238613484646,True
2010-11-14,1.41555,1.3577688196443605,1.3860114453973074,0.057781180355639616,0.029538554602692724,-0.028242625752946893,True
2010-11-15,1.2134597222222223,1.2058528576457173,1.1862067688750102,0.007606864576505057,0.027252953347212117,0.01964608877070706,False
2010-11-16,1.0484361111111111,1.2509379310224433,1.2072233500771348,0.2025018199113322,0.15878723896602365,-0.04371458094530856,True
2010-11-17,1.0986333333333334,1.299553698959017,1.261250482033573,0.20092036562568372,0.1626171487002397,-0.03830321692544403,True
2010-11-18,1.1473277777777777,1.3236379375362342,1.3168293992530329,0.17631015975845643,0.16950162147525516,-0.006808538283201271,True
2010-11-19,1.0905555555555557,1.192856429658809,1.178560163639719,0.10230087410325317,0.08800460808416322,-0.014296266019089954,True
2010-11-20,1.525698611111111,1.2848343636800752,1.2827374264183986,0.24086424743103585,0.24296118469271244,0.0020969372616765902,False
2010-11-21,0.6256319444444445,1.2888883619506268,1.3304768008975383,0.6632564175061824,0.7048448564530938,0.041588438946911443,False
2010-11-22,1.4177333333333333,0.9129086413842209,0.9095228064722316,0.5048246919491124,0.5082105268611017,0.003385834911989294,False
2010-11-23,1.095511111111111,1.2240604144702585,1.1791184694233203,0.12854930335914738,0.08360735831220922,-0.04494194504693816,True
2010-11-24,1.2473944444444445,1.1689332339965546,1.0757964262995576,0.0784612104478899,0.17159801814488684,0.09313680769699695,False
2010-11-25,0.9938638888888889,1.2815412898536693,1.2344619442883313,0.28767740096478045,0.24059805539944246,-0.04707934556533799,True
2010-11-26,1.1782296120348377,1.1311233316201057,1.0565678974216586,0.04710628041473197,0.1216617146131791,0.07455543419844712,False
